Date,vix_near,vix_far,VIX_Near,VIX_Far,Term_Spread
2015-01-01,15.03,15.03,,,
2015-01-02,14.62,14.918182,,,
2015-01-05,14.463333,14.848347,,,
2015-01-06,15.448889,15.082134,,,
2015-01-07,16.345926,15.360121,,,
2015-01-08,16.387284,15.461019,,,
2015-01-09,16.244856,15.506381,,,
2015-01-12,16.199904,15.561256,,,
2015-01-13,16.293269,15.644778,,,
2015-01-14,16.612179,15.790707,,,
2015-01-15,16.461453,15.824279,,,
2015-01-16,16.730969,15.955708,,,
2015-01-19,17.037312,16.109735,,,
2015-01-20,17.114875,16.215214,,,
2015-01-21,17.31325,16.351103,,,
2015-01-22,17.732166,16.552821,,,
2015-01-23,17.784777,16.674383,,,
2015-01-27,17.886518,16.803075,,,
2015-01-28,18.514346,17.072796,,,
2015-01-29,18.819564,17.287087,,,
2015-01-30,19.269709,17.54917,,,
2015-02-02,19.649806,17.809245,,,
2015-02-03,19.703204,17.991132,,,
2015-02-04,19.818802,18.178302,,,
2015-02-05,20.085869,18.400275,,,
2015-02-06,20.287246,18.608431,,,
2015-02-09,20.864831,18.918574,,,
2015-02-10,20.973221,19.125067,,,
2015-02-11,20.81548,19.250061,,,
2015-02-12,20.596987,19.332783,,,
2015-02-13,20.431325,19.40253,,,
2015-02-16,20.564216,19.5323,,,
2015-02-18,20.679478,19.657545,,,
2015-02-19,20.586318,19.725041,,,
2015-02-20,20.814212,19.865492,,,
2015-02-23,21.086141,20.025902,,,
2015-02-24,21.240761,20.164456,,,
2015-02-25,21.087174,20.220415,,,
2015-02-26,20.918116,20.253104,,,
2015-02-27,20.468744,20.191004,,,
2015-03-02,18.929163,19.796367,,,
2015-03-03,17.782775,19.404879,,,
2015-03-04,16.92185,19.022617,,,
2015-03-05,16.094567,18.606016,,,
2015-03-09,15.999711,18.351833,,,
2015-03-10,15.843141,18.095302,,,
2015-03-11,15.605427,17.825729,,,
2015-03-12,15.320285,17.546118,,,
2015-03-13,15.203523,17.311925,,,
2015-03-16,15.195682,17.118114,,,
2015-03-17,15.173788,16.937376,,,
2015-03-18,15.285859,16.807615,,,
2015-03-19,15.257239,16.661468,,,
2015-03-20,14.924826,16.443153,,,
2015-03-23,14.706551,16.245593,,,
2015-03-24,14.361034,16.011449,,,
2015-03-25,13.954023,15.750408,,,
2015-03-26,14.356015,15.696734,,,
2015-03-27,14.40401,15.58794,,,
2015-03-30,14.356007,15.467219,,,
2015-03-31,14.400671,15.37838,,,
2015-04-01,14.157114,15.223073,,,
2015-04-06,14.294743,15.163703,,,
2015-04-07,14.279828,15.080639,,,
2015-04-08,14.303219,15.014217,,,
2015-04-09,14.342146,14.960197,,,
2015-04-10,14.314764,14.896543,,,
2015-04-13,14.373176,14.859585,,,
2015-04-15,14.455451,14.837804,,,
2015-04-16,14.6203,14.848004,,,
2015-04-17,14.7602,14.865458,,,
2015-04-20,15.273467,14.995871,,,
2015-04-21,15.858978,15.180792,,,
2015-04-22,16.309318,15.365265,,,
2015-04-23,17.039546,15.650241,,,
2015-04-24,17.729697,15.964765,,,
2015-04-27,18.066465,16.217059,,,
2015-04-28,17.847643,16.325508,,,
2015-04-29,17.645095,16.408644,,,
2015-04-30,17.50673,16.483312,,,
2015-05-04,17.441153,16.558466,,,
2015-05-05,17.414102,16.631332,,,
2015-05-06,18.166068,16.907575,,,
2015-05-07,18.660712,17.156886,,,
2015-05-08,18.810475,17.334442,,,
2015-05-11,18.750316,17.45222,,,
2015-05-12,19.350211,17.733836,,,
2015-05-13,19.796807,18.002579,,,
2015-05-14,20.097872,18.247799,,,
2015-05-15,20.005248,18.390726,,,
2015-05-18,19.303498,18.346115,,,
2015-05-19,18.958999,18.339195,,,
2015-05-20,18.545999,18.282905,,,
2015-05-21,18.167333,18.20355,,,
2015-05-22,17.761555,18.089591,,,
2015-05-25,17.48437,17.984173,,,
2015-05-26,17.346247,17.901067,,,
2015-05-27,17.324165,17.844606,,,
2015-05-28,17.259443,17.779642,,,
2015-05-29,17.059629,17.677856,,,
2015-06-01,17.009752,17.608051,,,
2015-06-02,16.946501,17.53641,,,
2015-06-03,17.134334,17.534009,,,
2015-06-04,17.46289,17.587281,,,
2015-06-05,17.671927,17.632983,,,
2015-06-08,18.077951,17.747257,,,
2015-06-09,18.055301,17.771143,,,
2015-06-10,17.7302,17.708312,,,
2015-06-11,17.7568,17.717556,,,
2015-06-12,17.664533,17.69596,,,
2015-06-15,17.616356,17.679964,,,
2015-06-16,17.46757,17.633603,,,
2015-06-17,17.221713,17.551458,,,
2015-06-18,16.821142,17.412234,,,
2015-06-19,16.244095,17.201122,,,
2015-06-22,15.99273,17.045565,,,
2015-06-23,15.675153,16.863241,,,
2015-06-24,15.756769,16.777492,,,
2015-06-25,15.814513,16.700447,,,
2015-06-26,15.796342,16.614952,,,
2015-06-29,16.297561,16.677229,,,
2015-06-30,16.508374,16.700208,,,
2015-07-01,16.288916,16.622917,,,
2015-07-02,16.045944,16.526288,,,
2015-07-03,16.133963,16.506625,,,
2015-07-06,16.095975,16.462387,,,
2015-07-07,16.167317,16.448533,,,
2015-07-08,16.708211,16.570485,,,
2015-07-09,16.952141,16.649532,,,
2015-07-10,16.991427,16.687756,,,
2015-07-13,16.750952,16.649778,,,
2015-07-14,16.503968,16.591617,,,
2015-07-15,16.192645,16.498742,,,
2015-07-16,15.721763,16.342493,,,
2015-07-17,15.414509,16.202266,,,
2015-07-20,15.263006,16.089333,,,
2015-07-21,15.208671,15.999394,,,
2015-07-22,15.182447,15.920358,,,
2015-07-23,15.294965,15.883962,,,
2015-07-24,15.349977,15.84542,,,
2015-07-27,15.689985,15.893109,,,
2015-07-28,15.766657,15.895554,,,
2015-07-29,15.804438,15.89414,,,
2015-07-30,15.646292,15.842854,,,
2015-07-31,15.287528,15.72714,,,
2015-08-03,15.321685,15.696491,,,
2015-08-04,15.15779,15.617719,,,
2015-08-05,14.995193,15.531563,,,
2015-08-06,14.906795,15.458694,,,
2015-08-07,14.907864,15.408812,,,
2015-08-10,15.095242,15.414375,,,
2015-08-11,15.360162,15.457614,,,
2015-08-12,16.056775,15.63874,,,
2015-08-13,16.37785,15.764309,,,
2015-08-14,16.258567,15.787554,,,
2015-08-17,16.325711,15.848685,,,
2015-08-18,16.337141,15.895168,,,
2015-08-19,16.451427,15.966517,,,
2015-08-20,16.627618,16.058651,,,
2015-08-21,16.788412,16.154229,,,
2015-08-24,20.568941,17.242935,,,
2015-08-25,22.662628,18.116305,,,
2015-08-26,23.615085,18.789368,,,
2015-08-27,23.090057,19.08488,,,
2015-08-28,23.170038,19.4708,,,
2015-08-31,23.646692,19.937091,,,
2015-09-01,25.337795,20.735537,,,
2015-09-02,25.775196,21.273216,,,
2015-09-03,25.223464,21.532014,,,
2015-09-04,25.62231,21.976377,,,
2015-09-07,25.864873,22.373979,,,
2015-09-08,25.433249,22.573617,,,
2015-09-09,25.055499,22.730561,,,
2015-09-10,24.953666,22.914146,,,
2015-09-11,24.962444,23.101951,,,
2015-09-14,24.748296,23.212683,,,
2015-09-15,24.412197,23.260621,,,
2015-09-16,23.608131,23.146019,,,
2015-09-18,21.835421,22.704563,,,
2015-09-21,20.616948,22.293239,,,
2015-09-22,20.527965,22.116581,,,
2015-09-23,20.581977,21.986892,,,
2015-09-24,20.681318,21.886265,,,
2015-09-28,21.010878,21.866605,,,
2015-09-29,21.197252,21.83964,,,
2015-09-30,20.674835,21.638764,,,
2015-10-01,20.196556,21.420695,,,
2015-10-05,19.841037,21.21245,,,
2015-10-06,19.664025,21.039499,,,
2015-10-07,19.556016,20.885,,,
2015-10-08,19.557344,20.764545,,,
2015-10-09,19.34823,20.597768,,,
2015-10-12,19.272153,20.463426,,,
2015-10-13,18.854769,20.241296,,,
2015-10-14,18.476512,20.012087,,,
2015-10-15,18.041008,19.753716,,,
2015-10-16,17.450672,19.437014,,,
2015-10-19,17.260448,19.204558,,,
2015-10-20,17.173632,19.004144,,,
2015-10-21,16.989088,18.787404,,,
2015-10-23,16.722726,18.551276,,,
2015-10-26,16.891817,18.43116,,,
2015-10-27,16.774545,18.259237,,,
2015-10-28,16.86303,18.148397,,,
2015-10-29,17.10202,18.096725,,,
2015-10-30,17.361346,18.077022,,,
2015-11-02,18.067564,18.204566,,,
2015-11-03,18.565043,18.327787,,,
2015-11-04,18.830029,18.421624,,,
2015-11-05,18.983353,18.500568,,,
2015-11-06,19.145568,18.588698,,,
2015-11-09,18.443712,18.447907,,,
2015-11-10,17.905808,18.300825,,,
2015-11-13,17.820539,18.241659,,,
2015-11-16,17.840359,18.208781,,,
2015-11-17,17.550239,18.096164,,,
2015-11-18,17.506826,18.034695,,,
2015-11-19,16.951217,17.835177,,,
2015-11-20,16.600811,17.659252,,,
2015-11-23,16.760541,17.606593,,,
2015-11-24,16.590361,17.483266,,,
2015-11-26,16.623574,17.411151,,,
2015-11-27,16.659049,17.349228,,,
2015-11-30,16.5827,17.265662,,,
2015-12-01,16.268466,17.117875,,,
2015-12-02,16.008978,16.969886,,,
2015-12-03,16.025985,16.887169,,,
2015-12-04,16.047323,16.814699,,,
2015-12-07,15.988215,16.728817,,,
2015-12-08,15.982144,16.659834,,,
2015-12-09,16.231429,16.666213,,,
2015-12-10,16.250953,16.632012,,,
2015-12-11,16.560635,16.681829,,,
2015-12-14,16.973757,16.783481,,,
2015-12-15,17.095838,16.834073,,,
2015-12-16,16.973892,16.824612,,,
2015-12-17,16.055928,16.587829,,,
2015-12-18,15.533952,16.397117,,,
2015-12-21,15.099301,16.200107,,,
2015-12-22,14.892867,16.043733,,,
2015-12-23,14.478578,15.826121,,,
2015-12-24,14.235719,15.637383,,,
2015-12-28,14.290479,15.524893,,,
2015-12-29,14.273653,15.408085,,,
2015-12-30,14.299102,15.311895,,,
2015-12-31,14.156068,15.180814,,,
2016-01-01,14.190712,15.097104,,,
2016-01-04,15.073808,15.255549,,,
2016-01-05,15.615872,15.386863,,,
2016-01-06,15.927248,15.492602,,,
2016-01-07,16.938165,15.80782,,,
2016-01-08,17.225443,15.988927,,,
2016-01-11,17.713629,16.234479,,,
2016-01-12,18.045752,16.459527,,,
2016-01-13,18.147168,16.631388,,,
2016-01-14,18.301446,16.811262,,,
2016-01-15,18.674297,17.04842,,,
2016-01-18,19.192865,17.337654,,,
2016-01-19,18.938577,17.436959,,,
2016-01-20,19.615717,17.758144,,,
2016-01-21,20.013811,18.035585,,,
2016-01-22,19.615874,18.106896,,,
2016-01-25,19.16725,18.121724,,,
2016-01-27,19.1315,18.207021,,,
2016-01-28,18.721,18.17911,,,
2016-01-29,18.227333,18.093737,,,
2016-02-01,18.114888,18.075215,,,
2016-02-02,18.089926,18.072014,,,
2016-02-03,18.256617,18.119103,,,
2016-02-04,18.241078,18.127367,,,
2016-02-05,18.197385,18.125788,,,
2016-02-08,18.884924,18.319807,,,
2016-02-09,19.833282,18.629825,,,
2016-02-10,20.712188,18.978932,,,
2016-02-11,22.464792,19.614483,,,
2016-02-12,23.199861,20.074076,,,
2016-02-15,22.926574,20.283705,,,
2016-02-16,22.964383,20.534277,,,
2016-02-17,22.586255,20.65207,,,
2016-02-18,22.220837,20.728246,,,
2016-02-19,21.787225,20.745678,,,
2016-02-22,21.531483,20.770616,,,
2016-02-23,22.300989,21.049651,,,
2016-02-24,22.520659,21.223319,,,
2016-02-25,22.597106,21.362108,,,
2016-02-26,22.354738,21.40828,,,
2016-02-29,21.623158,21.2948,,,
2016-03-01,20.638772,21.056182,,,
2016-03-02,20.089181,20.868347,,,
2016-03-03,19.406121,20.611225,,,
2016-03-04,18.897414,20.362932,,,
2016-03-08,18.754942,20.190847,,,
2016-03-09,18.339962,19.947134,,,
2016-03-10,18.193308,19.761031,,,
2016-03-11,17.828872,19.519119,,,
2016-03-14,17.585915,19.299199,,,
2016-03-15,17.59061,19.144726,,,
2016-03-16,17.430407,18.959751,,,
2016-03-17,17.233605,18.767047,,,
2016-03-18,16.949069,18.550042,,,
2016-03-21,16.742713,18.34822,,,
2016-03-22,16.638475,18.173837,,,
2016-03-23,16.542317,18.008033,,,
2016-03-28,16.858211,17.960939,,,
2016-03-29,17.118807,17.931763,,,
2016-03-30,17.015871,17.829784,,,
2016-03-31,16.870581,17.716168,,,
2016-04-01,17.007054,17.676516,,,
2016-04-04,17.154703,17.655924,,,
2016-04-05,17.379802,17.671749,,,
2016-04-06,17.369868,17.642499,,,
2016-04-07,17.223246,17.577726,,,
2016-04-08,16.95883,17.473388,,,
2016-04-11,16.642554,17.340352,,,
2016-04-12,16.435036,17.22032,,,
2016-04-13,16.303358,17.113019,,,
2016-04-18,16.518905,17.098199,,,
2016-04-20,16.705937,17.096544,,,
2016-04-21,16.640625,17.043222,,,
2016-04-22,16.553749,16.982929,,,
2016-04-25,16.559166,16.94539,,,
2016-04-26,16.566111,16.912173,,,
2016-04-27,16.494074,16.861066,,,
2016-04-28,16.529383,16.837333,,,
2016-04-29,16.532922,16.810303,,,
2016-05-02,16.718615,16.83573,,,
2016-05-03,16.965743,16.892482,,,
2016-05-04,17.127162,16.943165,,,
2016-05-05,17.141441,16.963787,,,
2016-05-06,17.077628,16.962533,,,
2016-05-09,16.921752,16.930485,,,
2016-05-10,16.754501,16.884077,,,
2016-05-11,16.823001,16.890979,,,
2016-05-12,16.658667,16.839981,,,
2016-05-13,16.772445,16.854528,,,
2016-05-16,16.858297,16.87048,,,
2016-05-17,16.695531,16.824982,,,
2016-05-18,16.613688,16.790893,,,
2016-05-19,16.762458,16.815357,,,
2016-05-20,16.651639,16.780325,,,
2016-05-23,16.487759,16.723932,,,
2016-05-24,16.398506,16.67812,,,
2016-05-25,16.105671,16.572836,,,
2016-05-26,15.847114,16.459851,,,
2016-05-27,15.651409,16.350774,,,
2016-05-30,15.760939,16.317067,,,
2016-05-31,15.857293,16.292788,,,
2016-06-01,15.851528,16.251625,,,
2016-06-02,15.597686,16.146023,,,
2016-06-03,15.398457,16.041839,,,
2016-06-06,15.385638,15.979854,,,
2016-06-07,15.213759,15.878958,,,
2016-06-08,15.189173,15.81178,,,
2016-06-09,15.349448,15.798891,,,
2016-06-10,15.556299,15.814446,,,
2016-06-13,15.897533,15.884042,,,
2016-06-14,16.328355,16.002766,,,
2016-06-15,16.572237,16.098878,,,
2016-06-16,16.948158,16.244434,,,
2016-06-17,17.082105,16.34494,,,
2016-06-20,17.22807,16.451764,,,
2016-06-21,17.238714,16.52524,,,
2016-06-22,17.552476,16.675673,,,
2016-06-23,17.708317,16.797884,,,
2016-06-24,18.015545,16.96444,,,
2016-06-27,18.18703,17.106764,,,
2016-06-28,18.034687,17.163422,,,
2016-06-29,17.409791,17.072202,,,
2016-06-30,17.036528,17.001092,,,
2016-07-01,16.604352,16.886448,,,
2016-07-04,16.262901,16.76768,,,
2016-07-05,15.961934,16.639709,,,
2016-07-07,15.744623,16.518826,,,
2016-07-08,15.523082,16.388024,,,
2016-07-11,15.298721,16.248203,,,
2016-07-12,15.125814,16.11473,,,
2016-07-13,15.193876,16.043391,,,
2016-07-14,15.332584,16.003992,,,
2016-07-15,15.435056,15.970902,,,
2016-07-18,15.620037,15.972638,,,
2016-07-19,15.680025,15.956944,,,
2016-07-20,15.78335,15.959949,,,
2016-07-21,15.7589,15.937226,,,
2016-07-22,15.6726,15.897478,,,
2016-07-25,15.6884,15.881344,,,
2016-07-26,15.6656,15.857585,,,
2016-07-27,15.587067,15.818714,,,
2016-07-28,15.441378,15.757922,,,
2016-07-29,15.267585,15.681747,,,
2016-08-01,15.23839,15.636134,,,
2016-08-02,15.388927,15.641031,,,
2016-08-03,15.672618,15.695482,,,
2016-08-04,15.495079,15.644984,,,
2016-08-05,15.113386,15.527258,,,
2016-08-08,14.938924,15.442053,,,
2016-08-09,14.805949,15.360048,,,
2016-08-10,14.843966,15.320044,,,
2016-08-11,14.632644,15.219131,,,
2016-08-12,14.345096,15.087392,,,
2016-08-16,14.290064,15.004901,,,
2016-08-17,14.453376,14.984456,,,
2016-08-18,14.485584,14.94496,,,
2016-08-19,14.503723,14.908145,,,
2016-08-22,14.415815,14.847405,,,
2016-08-23,14.243877,14.761277,,,
2016-08-24,13.992584,14.645706,,,
2016-08-25,13.75839,14.52246,,,
2016-08-26,13.695593,14.435873,,,
2016-08-29,13.520395,14.320794,,,
2016-08-30,13.353597,14.20254,,,
2016-08-31,13.315731,14.115036,,,
2016-09-01,13.323821,14.044578,,,
2016-09-02,13.19588,13.944162,,,
2016-09-06,13.047254,13.835602,,,
2016-09-07,13.081502,13.773274,,,
2016-09-08,13.094335,13.713886,,,
2016-09-09,13.139556,13.669896,,,
2016-09-12,13.839704,13.812633,,,
2016-09-14,14.14647,13.898757,,,
2016-09-15,14.324313,13.969779,,,
2016-09-16,14.409542,14.025254,,,
2016-09-19,14.586361,14.108413,,,
2016-09-20,14.650907,14.169466,,,
2016-09-21,14.703938,14.227696,,,
2016-09-22,14.249292,14.146997,,,
2016-09-23,13.916195,14.065452,,,
2016-09-26,14.13413,14.11132,,,
2016-09-27,14.172753,14.123927,,,
2016-09-28,14.065169,14.099024,,,
2016-09-29,15.52678,14.494568,,,
2016-09-30,16.077853,14.738698,,,
2016-10-03,15.925235,14.818816,,,
2016-10-04,15.61349,14.834378,,,
2016-10-05,15.38566,14.843071,,,
2016-10-06,15.203774,14.842792,,,
2016-10-07,14.965849,14.81072,,,
2016-10-10,14.740566,14.763382,,,
2016-10-13,14.970377,14.823984,,,
2016-10-14,14.943585,14.829985,,,
2016-10-17,15.18239,14.905441,,,
2016-10-18,14.96826,14.872219,,,
2016-10-19,14.84884,14.848381,,,
2016-10-20,14.62256,14.78671,,,
2016-10-21,14.358373,14.699736,,,
2016-10-24,14.348915,14.666124,,,
2016-10-25,14.39261,14.649204,,,
2016-10-26,14.41174,14.631094,,,
2016-10-27,14.304493,14.581904,,,
2016-10-28,14.419662,14.588094,,,
2016-11-01,14.859775,14.692813,,,
2016-11-02,15.506516,14.884375,,,
2016-11-03,15.827677,15.028523,,,
2016-11-04,16.168452,15.194112,,,
2016-11-07,16.282301,15.313738,,,
2016-11-08,16.444868,15.446126,,,
2016-11-09,16.503245,15.552841,,,
2016-11-10,16.155497,15.544401,,,
2016-11-11,16.556998,15.709456,,,
2016-11-15,17.754665,16.113142,,,
2016-11-16,18.336444,16.421038,,,
2016-11-17,18.460962,16.629125,,,
2016-11-18,18.243975,16.736477,,,
2016-11-21,18.529316,16.951343,,,
2016-11-22,18.509544,17.089403,,,
2016-11-23,18.35303,17.175821,,,
2016-11-24,17.955353,17.174383,,,
2016-11-25,17.840236,17.213984,,,
2016-11-28,17.91349,17.290895,,,
2016-11-29,17.84566,17.328995,,,
2016-11-30,17.513773,17.28545,,,
2016-12-01,17.239182,17.231318,,,
2016-12-02,17.469455,17.294835,,,
2016-12-05,17.409637,17.294395,,,
2016-12-06,17.309758,17.277632,,,
2016-12-07,17.156506,17.238757,,,
2016-12-08,16.614337,17.083415,,,
2016-12-09,16.099558,16.900377,,,
2016-12-12,16.129705,16.835798,,,
2016-12-13,16.059804,16.752543,,,
2016-12-14,16.236536,16.737767,,,
2016-12-15,16.044357,16.639788,,,
2016-12-16,15.779571,16.513443,,,
2016-12-19,15.466381,16.361312,,,
2016-12-20,15.157587,16.195738,,,
2016-12-21,15.008392,16.060671,,,
2016-12-22,15.188928,16.014247,,,
2016-12-23,15.169285,15.933861,,,
2016-12-26,15.64619,15.994419,,,
2016-12-27,15.45746,15.91129,,,
2016-12-28,15.484973,15.877536,,,
2016-12-29,15.416649,15.823215,,,
2016-12-30,15.434433,15.791104,,,
2017-01-02,15.566288,15.79464,,,
2017-01-03,15.697526,15.809673,,,
2017-01-04,15.761684,15.816975,,,
2017-01-05,15.524456,15.74725,,,
2017-01-06,15.319637,15.671137,,,
2017-01-09,15.373091,15.653761,,,
2017-01-10,15.315394,15.61251,,,
2017-01-11,15.14693,15.539554,,,
2017-01-12,14.967953,15.455049,,,
2017-01-13,14.771969,15.357318,,,
2017-01-16,14.871312,15.331198,,,
2017-01-17,15.044208,15.336543,,,
2017-01-18,15.089472,15.322312,,,
2017-01-19,15.066315,15.294829,,,
2017-01-20,15.307543,15.339845,,,
2017-01-23,15.508362,15.391677,,,
2017-01-24,15.435575,15.382434,,,
2017-01-25,15.34705,15.363122,,,
2017-01-27,15.568033,15.421929,,,
2017-01-30,15.935356,15.53539,,,
2017-01-31,16.23357,15.653082,,,
2017-02-01,15.479047,15.500074,,,
2017-02-02,14.826031,15.320068,,,
2017-02-03,14.260688,15.12097,,,
2017-02-06,13.973792,14.964519,,,
2017-02-07,13.819195,14.83229,,,
2017-02-08,13.662796,14.697536,,,
2017-02-09,13.521864,14.565033,,,
2017-02-10,13.40791,14.439121,,,
2017-02-13,13.50194,14.371019,,,
2017-02-14,13.601293,14.319108,,,
2017-02-15,13.804195,14.309189,,,
2017-02-16,13.779463,14.256536,,,
2017-02-17,13.662976,14.181396,,,
2017-02-20,13.645317,14.129451,,,
2017-02-21,13.606878,14.074955,,,
2017-02-22,13.637919,14.040868,,,
2017-02-23,13.558612,13.982608,,,
2017-02-27,13.599075,13.955098,,,
2017-02-28,13.662717,13.940089,,,
2017-03-01,13.635144,13.907354,,,
2017-03-02,13.543429,13.857594,,,
2017-03-03,13.478953,13.811449,,,
2017-03-06,13.532636,13.795863,,,
2017-03-07,13.648424,13.803512,,,
2017-03-08,13.792282,13.828647,,,
2017-03-09,13.991522,13.879679,,,
2017-03-10,13.981015,13.886981,,,
2017-03-14,13.45401,13.751801,,,
2017-03-15,13.10934,13.630728,,,
2017-03-16,12.70956,13.474298,,,
2017-03-17,12.42304,13.326635,,,
2017-03-20,12.288693,13.20785,,,
2017-03-21,12.172462,13.092591,,,
2017-03-22,12.204975,13.01781,,,
2017-03-23,12.083317,12.910736,,,
2017-03-24,12.048878,12.826124,,,
2017-03-27,12.179252,12.791022,,,
2017-03-28,12.159501,12.73002,,,
2017-03-29,12.136334,12.671836,,,
2017-03-30,12.140889,12.624396,,,
2017-03-31,12.233926,12.605815,,,
2017-04-03,11.985951,12.504377,,,
2017-04-05,11.840634,12.417616,,,
2017-04-06,11.657089,12.315105,,,
2017-04-07,11.668059,12.258277,,,
2017-04-10,11.65204,12.200252,,,
2017-04-11,11.568026,12.127502,,,
2017-04-12,11.588684,12.082274,,,
2017-04-13,11.585789,12.036613,,,
2017-04-17,11.687193,12.023285,,,
2017-04-18,11.918129,12.055713,,,
2017-04-19,12.018753,12.070649,,,
2017-04-20,11.865835,12.024226,,,
2017-04-21,11.717223,11.969296,,,
2017-04-24,11.688149,11.938451,,,
2017-04-25,11.512099,11.867683,,,
2017-04-26,11.588066,11.856075,,,
2017-04-27,11.415377,11.784614,,,
2017-04-28,11.230251,11.700558,,,
2017-05-02,11.303501,11.67778,,,
2017-05-03,11.379001,11.664345,,,
2017-05-04,11.362667,11.63395,,,
2017-05-05,11.571778,11.666319,,,
2017-05-08,11.604519,11.666653,,,
2017-05-09,11.439679,11.616048,,,
2017-05-10,11.276453,11.555499,,,
2017-05-11,11.130968,11.490453,,,
2017-05-12,10.963979,11.41223,,,
2017-05-15,10.869319,11.345664,,,
2017-05-16,10.766213,11.27424,,,
2017-05-17,10.724142,11.216582,,,
2017-05-18,11.079428,11.268711,,,
2017-05-19,11.152952,11.271555,,,
2017-05-22,11.168635,11.26505,,,
2017-05-23,11.512423,11.350046,,,
2017-05-24,11.618282,11.393678,,,
2017-05-25,11.228855,11.307889,,,
2017-05-26,11.105903,11.267172,,,
2017-05-29,11.333935,11.314702,,,
2017-05-30,11.47929,11.356092,,,
2017-05-31,11.57286,11.392811,,,
2017-06-01,11.48524,11.385283,,,
2017-06-02,11.26016,11.332985,,,
2017-06-05,11.180107,11.304531,,,
2017-06-06,11.163405,11.288665,,,
2017-06-07,11.07227,11.252423,,,
2017-06-08,11.071513,11.235839,,,
2017-06-09,11.001009,11.201672,,,
2017-06-12,11.140672,11.22152,,,
2017-06-13,11.207115,11.232291,,,
2017-06-14,11.198077,11.227537,,,
2017-06-15,11.242051,11.236852,,,
2017-06-16,11.134701,11.208047,,,
2017-06-19,10.966467,11.155497,,,
2017-06-20,10.864311,11.110452,,,
2017-06-21,10.882874,11.093138,,,
2017-06-22,10.991916,11.103762,,,
2017-06-23,11.181278,11.145238,,,
2017-06-27,11.624185,11.269308,,,
2017-06-28,11.746123,11.334825,,,
2017-06-29,11.624082,11.338932,,,
2017-06-30,11.659388,11.374483,,,
2017-07-03,11.506259,11.358621,,,
2017-07-04,11.430839,11.351474,,,
2017-07-05,11.337226,11.333158,,,
2017-07-06,11.21815,11.301053,,,
2017-07-07,11.1021,11.261866,,,
2017-07-10,11.038067,11.229878,,,
2017-07-11,10.988711,11.19898,,,
2017-07-12,11.009141,11.185437,,,
2017-07-13,11.089427,11.191306,,,
2017-07-14,11.116285,11.189369,,,
2017-07-17,11.230857,11.213972,,,
2017-07-18,11.317238,11.239065,,,
2017-07-19,11.298159,11.240969,,,
2017-07-20,11.305439,11.248153,,,
2017-07-21,11.233626,11.233776,,,
2017-07-24,11.259084,11.240705,,,
2017-07-25,11.142723,11.210641,,,
2017-07-26,11.151815,11.206946,,,
2017-07-27,11.174544,11.208133,,,
2017-07-28,11.163029,11.201939,,,
2017-07-31,11.408686,11.265399,,,
2017-08-01,11.575791,11.323999,,,
2017-08-02,11.697194,11.379999,,,
2017-08-03,11.678129,11.403636,,,
2017-08-04,11.582086,11.402396,,,
2017-08-07,11.688057,11.447633,,,
2017-08-08,12.048705,11.567848,,,
2017-08-09,12.515803,11.738953,,,
2017-08-10,12.943869,11.926321,,,
2017-08-11,13.695913,12.223928,,,
2017-08-14,13.923942,12.419935,,,
2017-08-16,14.029294,12.585395,,,
2017-08-17,14.132863,12.744905,,,
2017-08-18,14.278575,12.910822,,,
2017-08-21,14.45905,13.084384,,,
2017-08-22,14.3427,13.177622,,,
2017-08-23,13.955133,13.177838,,,
2017-08-24,13.493422,13.12258,,,
2017-08-28,13.208948,13.078709,,,
2017-08-29,13.319299,13.120645,,,
2017-08-30,13.176199,13.099677,,,
2017-08-31,12.767466,12.995161,,,
2017-09-01,12.404978,12.875601,,,
2017-09-04,12.659985,12.902364,,,
2017-09-05,12.736657,12.90124,,,
2017-09-06,12.864438,12.921128,,,
2017-09-07,12.912959,12.929207,,,
2017-09-08,12.928639,12.932006,,,
2017-09-11,12.739093,12.880006,,,
2017-09-12,12.412728,12.778187,,,
2017-09-13,12.195152,12.685625,,,
2017-09-14,11.953435,12.575113,,,
2017-09-15,11.86229,12.493739,,,
2017-09-18,11.721527,12.397945,,,
2017-09-19,11.637684,12.313586,,,
2017-09-20,11.635123,12.251442,,,
2017-09-21,11.633415,12.194947,,,
2017-09-22,12.02561,12.250861,,,
2017-09-25,12.46374,12.349874,,,
2017-09-26,12.61916,12.402613,,,
2017-09-27,13.032773,12.535102,,,
2017-09-28,13.078516,12.59282,,,
2017-09-29,12.882344,12.583473,,,
2017-10-03,12.741562,12.572248,,,
2017-10-04,12.427708,12.502044,,,
2017-10-05,12.188472,12.43004,,,
2017-10-06,11.832315,12.310945,,,
2017-10-09,11.684877,12.227223,,,
2017-10-10,11.493251,12.125657,,,
2017-10-11,11.572167,12.089688,,,
2017-10-12,11.394778,11.994262,,,
2017-10-13,11.349852,11.927511,,,
2017-10-16,11.336568,11.871374,,,
2017-10-17,11.427712,11.847612,,,
2017-10-18,11.465141,11.819648,,,
2017-10-19,11.776761,11.872407,,,
2017-10-23,11.961174,11.914006,,,
2017-10-24,11.837449,11.884551,,,
2017-10-25,11.811633,11.873228,,,
2017-10-26,11.747755,11.850208,,,
2017-10-27,11.658503,11.816552,,,
2017-10-30,11.809002,11.843229,,,
2017-10-31,12.019335,11.897481,,,
2017-11-01,12.059557,11.919528,,,
2017-11-02,12.043038,11.927753,,,
2017-11-03,11.998692,11.926139,,,
2017-11-06,12.339128,12.025581,,,
2017-11-07,12.639419,12.135983,,,
2017-11-08,12.962946,12.269984,,,
2017-11-09,13.065297,12.360895,,,
2017-11-10,13.203531,12.462632,,,
2017-11-13,13.485688,12.606938,,,
2017-11-14,13.713792,12.749034,,,
2017-11-15,13.899195,12.887304,,,
2017-11-16,13.752796,12.939367,,,
2017-11-17,13.738531,13.009425,,,
2017-11-20,13.635687,13.047659,,,
2017-11-21,13.663792,13.108781,,,
2017-11-22,13.789194,13.193437,,,
2017-11-23,13.81613,13.254943,,,
2017-11-24,13.714086,13.27813,,,
2017-11-27,13.486058,13.255573,,,
2017-11-28,13.374038,13.245975,,,
2017-11-29,13.269359,13.229068,,,
2017-11-30,13.362906,13.258244,,,
2017-12-01,13.841937,13.398404,,,
2017-12-04,14.181292,13.531276,,,
2017-12-05,14.457528,13.665705,,,
2017-12-06,14.668352,13.795187,,,
2017-12-07,14.535568,13.838352,,,
2017-12-08,14.247045,13.823047,,,
2017-12-11,14.214697,13.85277,,,
2017-12-12,14.563131,13.9807,,,
2017-12-13,15.025421,14.159727,,,
2017-12-14,15.486947,14.364297,,,
2017-12-15,15.304631,14.416634,,,
2017-12-18,14.576421,14.298758,,,
2017-12-19,13.780947,14.107053,,,
2017-12-20,13.250631,13.932775,,,
2017-12-21,12.863754,13.76525,,,
2017-12-22,12.43917,13.5675,,,
2017-12-26,12.309446,13.429546,,,
2017-12-27,12.369631,13.344132,,,
2017-12-28,12.346421,13.249211,,,
2017-12-29,12.45428,13.196556,,,
2018-01-01,12.752854,13.210505,,,
2018-01-02,13.065236,13.254096,,,
2018-01-03,13.250157,13.28736,,,
2018-01-04,13.306771,13.299418,,,
2018-01-05,13.241181,13.282198,,,
2018-01-08,13.407454,13.323816,,,
2018-01-09,13.554969,13.371651,,,
2018-01-10,13.716646,13.43241,,,
2018-01-11,13.814431,13.484918,,,
2018-01-12,13.786287,13.507199,,,
2018-01-15,13.960858,13.580181,,,
2018-01-16,14.003906,13.626528,,,
2018-01-17,13.955937,13.647752,,,
2018-01-18,13.957291,13.676139,,,
2018-01-19,13.964861,13.703762,,,
2018-01-22,14.439907,13.857057,,,
2018-01-23,15.036605,14.072779,,,
2018-01-24,16.037737,14.433435,,,
2018-01-25,16.528491,14.713123,,,
2018-01-29,16.982327,15.00193,,,
2018-01-30,16.794885,15.130845,,,
2018-01-31,16.50659,15.203496,,,
2018-02-01,15.707727,15.104087,,,
2018-02-02,15.555151,15.117352,,,
2018-02-05,15.7201,15.202138,,,
2018-02-06,17.1534,15.640126,,,
2018-02-07,17.9256,15.988296,,,
2018-02-08,17.873734,16.150269,,,
2018-02-09,18.325822,16.430245,,,
2018-02-12,18.177215,16.56204,,,
2018-02-14,17.84481,16.618219,,,
2018-02-15,17.33654,16.591108,,,
2018-02-16,17.017693,16.571916,,,
2018-02-19,16.901795,16.580833,,,
2018-02-20,16.891197,16.607121,,,
2018-02-21,16.567465,16.544655,,,
2018-02-22,15.98831,16.388778,,,
2018-02-23,15.392206,16.189798,,,
2018-02-26,14.828138,15.963452,,,
2018-02-27,14.525425,15.777684,,,
2018-02-28,14.28695,15.598804,,,
2018-03-01,14.214633,15.459822,,,
2018-03-05,14.609755,15.454383,,,
2018-03-06,15.156504,15.526712,,,
2018-03-07,15.337669,15.542465,,,
2018-03-08,15.088446,15.455878,,,
2018-03-09,14.902297,15.371707,,,
2018-03-12,14.764865,15.291552,,,
2018-03-13,14.663243,15.215956,,,
2018-03-14,14.562162,15.138142,,,
2018-03-15,14.484775,15.064674,,,
2018-03-16,14.72985,15.078795,,,
2018-03-19,15.093233,15.146177,,,
2018-03-20,15.265489,15.188343,,,
2018-03-21,15.213659,15.181221,,,
2018-03-22,15.225773,15.187473,,,
2018-03-23,15.333848,15.22043,,,
2018-03-26,15.289232,15.218573,,,
2018-03-27,15.376155,15.248703,,,
2018-03-28,15.504103,15.295184,,,
2018-04-02,15.452736,15.300168,,,
2018-04-03,15.365157,15.290152,,,
2018-04-04,15.690105,15.385593,,,
2018-04-05,15.393403,15.332357,,,
2018-04-06,15.178935,15.279416,,,
2018-04-09,15.075957,15.242196,,,
2018-04-10,14.883971,15.174724,,,
2018-04-11,14.829314,15.133385,,,
2018-04-12,14.739543,15.081259,,,
2018-04-13,14.539695,14.99569,,,
2018-04-16,14.446464,14.928809,,,
2018-04-17,14.310976,14.848009,,,
2018-04-18,14.243984,14.780917,,,
2018-04-19,14.079322,14.687197,,,
2018-04-20,13.699548,14.528361,,,
2018-04-23,13.516365,14.403055,,,
2018-04-24,12.977577,14.175505,,,
2018-04-25,12.785051,14.014095,,,
2018-04-26,12.536701,13.834632,,,
2018-04-27,12.364467,13.669666,,,
2018-04-30,12.362978,13.550605,,,
2018-05-02,12.521985,13.486005,,,
2018-05-03,12.67799,13.440913,,,
2018-05-04,12.86866,13.423558,,,
2018-05-07,13.165774,13.454143,,,
2018-05-08,13.463849,13.509221,,,
2018-05-09,13.732566,13.578383,,,
2018-05-10,13.965044,13.655803,,,
2018-05-11,13.970029,13.685275,,,
2018-05-14,14.063353,13.736614,,,
2018-05-15,13.765569,13.685103,,,
2018-05-16,13.657046,13.662821,,,
2018-05-17,13.574697,13.639837,,,
2018-05-18,13.766465,13.686216,,,
2018-05-21,13.980976,13.752014,,,
2018-05-22,13.853984,13.738195,,,
2018-05-23,13.95599,13.776541,,,
2018-05-24,13.687326,13.719583,,,
2018-05-25,13.341551,13.622348,,,
2018-05-28,13.247701,13.571225,,,
2018-05-29,13.188467,13.525659,,,
2018-05-30,13.262311,13.515145,,,
2018-05-31,13.248208,13.488313,,,
2018-06-01,13.355472,13.495739,,,
2018-06-04,13.530314,13.530672,,,
2018-06-05,13.46021,13.51152,,,
2018-06-06,13.156806,13.424109,,,
2018-06-07,13.031204,13.365554,,,
2018-06-08,12.920803,13.305049,,,
2018-06-11,13.007202,13.293681,,,
2018-06-12,12.914801,13.242437,,,
2018-06-13,12.823201,13.18767,,,
2018-06-14,12.582134,13.088791,,,
2018-06-15,12.411423,12.996174,,,
2018-06-18,12.400948,12.940158,,,
2018-06-19,12.573966,12.938325,,,
2018-06-20,12.43931,12.868478,,,
2018-06-21,12.442874,12.830434,,,
2018-06-22,12.301916,12.756758,,,
2018-06-25,12.394611,12.740689,,,
2018-06-26,12.52974,12.746081,,,
2018-06-27,12.856494,12.815529,,,
2018-06-28,13.220996,12.918662,,,
2018-06-29,13.12733,12.920602,,,
2018-07-02,13.20822,12.961456,,,
2018-07-03,13.138813,12.96496,,,
2018-07-04,12.979209,12.937237,,,
2018-07-05,12.846139,12.904761,,,
2018-07-06,12.710759,12.86251,,,
2018-07-09,12.60384,12.819554,,,
2018-07-10,12.535893,12.781413,,,
2018-07-11,12.617262,12.781284,,,
2018-07-12,12.581508,12.756622,,,
2018-07-13,12.487672,12.715111,,,
2018-07-16,12.641781,12.736465,,,
2018-07-17,12.704521,12.744968,,,
2018-07-18,13.029681,12.829971,,,
2018-07-19,13.216454,12.899064,,,
2018-07-20,13.324303,12.957331,,,
2018-07-23,13.219535,12.962119,,,
2018-07-24,12.96969,12.917381,,,
2018-07-25,12.71646,12.853074,,,
2018-07-26,12.48764,12.778249,,,
2018-07-27,12.428427,12.735681,,,
2018-07-30,12.482285,12.722437,,,
2018-07-31,12.481523,12.700397,,,
2018-08-01,12.497682,12.684907,,,
2018-08-02,12.518455,12.673552,,,
2018-08-03,12.372303,12.619592,,,
2018-08-06,12.434869,12.614175,,,
2018-08-07,12.483246,12.611068,,,
2018-08-08,12.502164,12.604607,,,
2018-08-09,12.561443,12.611461,,,
2018-08-10,12.657629,12.633147,,,
2018-08-13,12.905086,12.702861,,,
2018-08-14,13.030057,12.755328,,,
2018-08-16,13.236705,12.836662,,,
2018-08-17,13.211136,12.866056,,,
2018-08-20,13.150757,12.88096,,,
2018-08-21,13.067172,12.882691,,,
2018-08-23,12.964781,12.871537,,,
2018-08-24,12.779854,12.829579,,,
2018-08-27,12.599903,12.775981,,,
2018-08-28,12.543268,12.744528,,,
2018-08-29,12.508846,12.716844,,,
2018-08-30,12.475897,12.688949,,,
2018-08-31,12.517265,12.680863,,,
2018-09-03,12.808177,12.74533,,,
2018-09-04,13.132118,12.839391,,,
2018-09-05,13.304745,12.913082,,,
2018-09-06,13.443163,12.986439,,,
2018-09-07,13.592109,13.068581,,,
2018-09-10,14.128073,13.262346,,,
2018-09-11,14.528715,13.450314,,,
2018-09-12,14.43581,13.523013,,,
2018-09-14,14.237207,13.55183,,,
2018-09-17,14.324804,13.638027,,,
2018-09-18,14.356536,13.709116,,,
2018-09-19,14.241024,13.736469,,,
2018-09-21,14.674016,13.900426,,,
2018-09-24,15.592678,14.221297,,,
2018-09-25,15.955118,14.444815,,,
2018-09-26,16.333412,14.685287,,,
2018-09-27,16.528942,14.888442,,,
2018-09-28,16.685961,15.080402,,,
2018-10-01,16.737307,15.240366,,,
2018-10-03,17.198205,15.502151,,,
2018-10-04,17.772137,15.812864,,,
2018-10-05,18.424758,16.168967,,,
2018-10-08,18.999838,16.530879,,,
2018-10-09,19.253226,16.824436,,,
2018-10-10,18.805484,16.923123,,,
2018-10-11,19.386989,17.252839,,,
2018-10-12,19.134659,17.378036,,,
2018-10-15,19.053106,17.515487,,,
2018-10-16,18.492071,17.502261,,,
2018-10-17,18.32138,17.545692,,,
2018-10-19,18.810921,17.74972,,,
2018-10-22,19.660614,18.077927,,,
2018-10-23,19.453743,18.165388,,,
2018-10-24,19.262495,18.230353,,,
2018-10-25,19.161663,18.296685,,,
2018-10-26,19.184442,18.381531,,,
2018-10-29,19.399628,18.51321,,,
2018-10-30,19.766419,18.693828,,,
2018-10-31,19.777612,18.794389,,,
2018-11-01,19.581742,18.830353,,,
2018-11-02,19.131161,18.775776,,,
2018-11-05,19.24744,18.839796,,,
2018-11-06,19.001627,18.809815,,,
2018-11-07,18.574418,18.710741,,,
2018-11-09,18.306279,18.625219,,,
2018-11-12,18.660853,18.692926,,,
2018-11-13,18.673902,18.693569,,,
2018-11-14,18.725935,18.705972,,,
2018-11-15,18.633957,18.682702,,,
2018-11-16,18.539305,18.652456,,,
2018-11-19,18.779536,18.707688,,,
2018-11-20,18.963024,18.764261,,,
2018-11-21,19.162016,18.836601,,,
2018-11-22,19.161344,18.866001,,,
2018-11-26,19.574229,19.005456,,,
2018-11-27,19.156153,18.943141,,,
2018-11-28,18.757435,18.853765,,,
2018-11-29,18.73829,18.839786,,,
2018-11-30,18.87886,18.868897,,,
2018-12-03,18.65924,18.809906,,,
2018-12-04,18.47616,18.746278,,,
2018-12-05,18.44744,18.713889,,,
2018-12-06,18.73496,18.768081,,,
2018-12-07,18.68664,18.751892,,,
2018-12-10,19.271093,18.905356,,,
2018-12-11,18.830729,18.818506,,,
2018-12-12,17.82382,18.545005,,,
2018-12-13,17.06588,18.272732,,,
2018-12-14,16.430586,17.989756,,,
2018-12-17,15.800391,17.676142,,,
2018-12-18,15.393594,17.394675,,,
2018-12-19,15.149063,17.146068,,,
2018-12-20,14.876042,16.890062,,,
2018-12-21,15.247361,16.808238,,,
2018-12-24,15.414907,16.712034,,,
2018-12-26,15.583272,16.640031,,,
2018-12-27,15.745514,16.58821,,,
2018-12-28,15.58701,16.468373,,,
2018-12-31,15.724673,16.425794,,,
2019-01-01,15.593115,16.326176,,,
2019-01-02,15.858743,16.331978,,,
2019-01-03,16.169163,16.373617,,,
2019-01-04,16.166108,16.354197,,,
2019-01-07,16.210739,16.34927,,,
2019-01-08,16.040492,16.290245,,,
2019-01-09,15.783662,16.197496,,,
2019-01-10,15.639108,16.120451,,,
2019-01-11,15.542739,16.05041,,,
2019-01-14,15.748492,16.060373,,,
2019-01-15,15.692328,16.016702,,,
2019-01-16,15.821552,16.022457,,,
2019-01-17,15.961035,16.042233,,,
2019-01-18,16.18069,16.094758,,,
2019-01-21,16.837127,16.281598,,,
2019-01-22,17.221418,16.436907,,,
2019-01-23,17.510945,16.587188,,,
2019-01-24,17.483964,16.663808,,,
2019-01-25,17.552643,16.757098,,,
2019-01-28,18.001762,16.951907,,,
2019-01-29,18.144508,17.086279,,,
2019-01-30,18.046339,17.155708,,,
2019-01-31,17.737559,17.152462,,,
2019-02-01,17.06504,17.022238,,,
2019-02-04,16.616693,16.903853,,,
2019-02-05,16.337795,16.801685,,,
2019-02-06,16.101864,16.695168,,,
2019-02-07,15.881242,16.581062,,,
2019-02-08,15.777495,16.489147,,,
2019-02-11,15.79833,16.430134,,,
2019-02-12,15.78222,16.368303,,,
2019-02-14,15.778147,16.313912,,,
2019-02-15,16.005431,16.327193,,,
2019-02-18,16.670287,16.479266,,,
2019-02-19,17.270191,16.660242,,,
2019-02-20,17.200127,16.696583,,,
2019-02-21,16.816751,16.637803,,,
2019-02-22,16.361167,16.529821,,,
2019-02-25,16.027445,16.423474,,,
2019-02-26,16.388297,16.485885,,,
2019-02-27,17.225531,16.70535,,,
2019-02-28,17.577021,16.8485,,,
2019-03-01,17.141347,16.795909,,,
2019-03-05,16.647565,16.692645,,,
2019-03-06,16.30171,16.594222,,,
2019-03-07,15.964473,16.475657,,,
2019-03-08,15.622982,16.336052,,,
2019-03-11,15.381988,16.205501,,,
2019-03-12,15.287992,16.105001,,,
2019-03-13,15.285328,16.030001,,,
2019-03-14,15.240218,15.950001,,,
2019-03-15,15.450146,15.942728,,,
2019-03-18,15.93343,16.029753,,,
2019-03-19,16.118953,16.071594,,,
2019-03-20,16.089303,16.067812,,,
2019-03-22,16.149535,16.086193,,,
2019-03-25,16.323023,16.139266,,,
2019-03-26,16.378682,16.171151,,,
2019-03-27,16.602455,16.251047,,,
2019-03-28,16.618303,16.287315,,,
2019-04-01,17.082202,16.443923,,,
2019-04-02,17.414801,16.592657,,,
2019-04-03,17.869868,16.791506,,,
2019-04-04,18.129912,16.96046,,,
2019-04-05,18.216608,17.090418,,,
2019-04-08,18.861072,17.368562,,,
2019-04-09,19.334048,17.633238,,,
2019-04-10,19.932698,17.951126,,,
2019-04-11,20.275132,18.22466,,,
2019-04-12,20.516755,18.476963,,,
2019-04-15,20.807836,18.741785,,,
2019-04-16,21.101891,19.009804,,,
2019-04-18,21.647927,19.348913,,,
2019-04-22,22.448618,19.776285,,,
2019-04-23,23.182412,20.21935,,,
2019-04-24,23.358274,20.536681,,,
2019-04-25,23.315516,20.781528,,,
2019-04-26,22.783677,20.866844,,,
2019-04-30,22.465785,20.954404,,,
2019-05-02,22.63719,21.138549,,,
2019-05-03,23.10146,21.401408,,,
2019-05-06,24.210973,21.858553,,,
2019-05-07,24.967315,22.278684,,,
2019-05-08,25.434877,22.650622,,,
2019-05-09,25.453251,22.908747,,,
2019-05-10,25.748834,23.220679,,,
2019-05-13,26.292556,23.598799,,,
2019-05-14,26.571704,23.919818,,,
2019-05-15,27.267802,24.350743,,,
2019-05-16,27.635202,24.71613,,,
2019-05-17,27.783468,25.021937,,,
2019-05-20,26.415645,24.899942,,,
2019-05-21,26.16043,24.968129,,,
2019-05-22,26.650286,25.210118,,,
2019-05-23,24.236858,24.682834,,,
2019-05-24,21.647905,23.936213,,,
2019-05-27,19.828603,23.232012,,,
2019-05-28,18.525736,22.567283,,,
2019-05-29,17.82049,22.00753,,,
2019-05-30,17.08366,21.425937,,,
2019-05-31,16.745773,20.939033,,,
2019-06-03,16.487182,20.487303,,,
2019-06-04,16.201455,20.04573,,,
2019-06-06,15.977637,19.635209,,,
2019-06-07,15.605091,19.201099,,,
2019-06-10,15.396727,18.817363,,,
2019-06-11,15.094485,18.423966,,,
2019-06-12,14.769656,18.032696,,,
2019-06-13,14.399771,17.635179,,,
2019-06-14,14.23318,17.295617,,,
2019-06-17,14.37212,17.055106,,,
2019-06-18,14.44808,16.831915,,,
2019-06-19,14.542053,16.640832,,,
2019-06-20,14.361369,16.400756,,,
2019-06-21,14.444246,16.23796,,,
2019-06-24,14.702831,16.145418,,,
2019-06-25,14.80522,16.042198,,,
2019-06-26,14.786814,15.924726,,,
2019-06-27,14.741209,15.808842,,,
2019-06-28,14.810806,15.730765,,,
2019-07-01,14.740537,15.627968,,,
2019-07-02,14.577025,15.502698,,,
2019-07-03,14.284683,15.338817,,,
2019-07-04,14.033122,15.174379,,,
2019-07-05,13.712081,14.983072,,,
2019-07-08,13.758054,14.880065,,,
2019-07-09,13.735369,14.771877,,,
2019-07-10,13.70358,14.668979,,,
2019-07-11,13.292387,14.469072,,,
2019-07-12,12.861591,14.244611,,,
2019-07-15,12.581061,14.042374,,,
2019-07-16,12.240707,13.816704,,,
2019-07-17,12.093805,13.633367,,,
2019-07-18,11.979203,13.462152,,,
2019-07-19,12.159469,13.376502,,,
2019-07-22,12.442979,13.343183,,,
2019-07-23,12.771986,13.351076,,,
2019-07-24,12.767991,13.297342,,,
2019-07-25,12.725327,13.237583,,,
2019-07-26,12.526885,13.136894,,,
2019-07-29,12.70459,13.129904,,,
2019-07-30,13.006393,13.173549,,,
2019-07-31,13.200929,13.211408,,,
2019-08-01,13.653953,13.334007,,,
2019-08-02,14.165968,13.502734,,,
2019-08-05,14.973979,13.783394,,,
2019-08-06,15.355986,13.995813,,,
2019-08-07,15.817324,14.245285,,,
2019-08-08,15.908216,14.412986,,,
2019-08-09,15.888811,14.543624,,,
2019-08-13,16.519207,14.83784,,,
2019-08-14,16.466139,14.976218,,,
2019-08-16,16.527426,15.12838,,,
2019-08-19,16.601617,15.2758,,,
2019-08-20,16.611078,15.398909,,,
2019-08-21,16.747385,15.546281,,,
2019-08-22,17.114924,15.75571,,,
2019-08-23,17.193283,15.900646,,,
2019-08-26,17.015522,15.969678,,,
2019-08-27,16.680348,15.973343,,,
2019-08-28,16.733565,16.05213,,,
2019-08-29,16.632377,16.086482,,,
2019-08-30,16.514918,16.104075,,,
2019-09-03,17.029945,16.281886,,,
2019-09-04,17.099963,16.368987,,,
2019-09-05,17.156642,16.450898,,,
2019-09-06,16.861095,16.434452,,,
2019-09-09,16.524064,16.38132,,,
2019-09-11,16.139376,16.289382,,,
2019-09-12,15.72625,16.163075,,,
2019-09-13,15.190834,15.977341,,,
2019-09-16,15.110556,15.883946,,,
2019-09-17,15.413704,15.896315,,,
2019-09-18,15.392469,15.84665,,,
2019-09-19,15.44498,15.819682,,,
2019-09-20,15.429986,15.781529,,,
2019-09-23,15.883325,15.873208,,,
2019-09-24,16.16555,15.951098,,,
2019-09-25,16.167033,15.970998,,,
2019-09-26,16.224689,16.004544,,,
2019-09-27,16.186459,16.014131,,,
2019-09-30,16.080973,16.001028,,,
2019-10-01,16.307315,16.070026,,,
2019-10-03,16.771544,16.218205,,,
2019-10-04,17.041029,16.342005,,,
2019-10-07,17.304019,16.477277,,,
2019-10-09,17.256013,16.539343,,,
2019-10-10,17.247342,16.60213,,,
2019-10-11,17.211561,16.651027,,,
2019-10-14,17.284374,16.721843,,,
2019-10-15,17.139583,16.733493,,,
2019-10-16,16.879722,16.699539,,,
2019-10-17,16.546481,16.625036,,,
2019-10-18,16.340988,16.561851,,,
2019-10-22,16.497325,16.58441,,,
2019-10-23,16.51155,16.580373,,,
2019-10-24,16.421033,16.54943,,,
2019-10-25,16.054022,16.437663,,,
2019-10-29,16.176015,16.436058,,,
2019-10-30,16.337343,16.456416,,,
2019-10-31,16.318229,16.440378,,,
2019-11-01,16.122153,16.375798,,,
2019-11-04,16.058102,16.335271,,,
2019-11-05,16.012068,16.297519,,,
2019-11-06,15.934712,16.250472,,,
2019-11-07,15.693141,16.155884,,,
2019-11-08,15.748761,16.128985,,,
2019-11-11,15.91584,16.139986,,,
2019-11-13,16.097227,16.169079,,,
2019-11-14,15.948151,16.12189,,,
2019-11-15,15.642101,16.022627,,,
2019-11-18,15.6814,15.998752,,,
2019-11-19,15.590934,15.945229,,,
2019-11-20,15.447289,15.873844,,,
2019-11-21,15.291526,15.792586,,,
2019-11-22,15.151017,15.708714,,,
2019-11-25,15.100678,15.644286,,,
2019-11-26,15.013785,15.571169,,,
2019-11-27,14.882524,15.484699,,,
2019-11-28,14.585016,15.348817,,,
2019-11-29,14.356677,15.217107,,,
2019-12-02,14.304451,15.124642,,,
2019-12-03,14.389634,15.073311,,,
2019-12-04,14.033089,14.913919,,,
2019-12-05,14.125393,14.859018,,,
2019-12-06,13.963596,14.748198,,,
2019-12-09,14.17573,14.734725,,,
2019-12-10,14.21382,14.694296,,,
2019-12-11,13.93588,14.574814,,,
2019-12-12,13.740587,14.463468,,,
2019-12-13,13.593725,14.357698,,,
2019-12-16,13.535816,14.272453,,,
2019-12-17,13.197211,14.113139,,,
2019-12-18,12.911474,13.951944,,,
2019-12-19,12.647649,13.785404,,,
2019-12-20,12.541766,13.653094,,,
2019-12-23,12.347844,13.499177,,,
2019-12-24,12.108563,13.329252,,,
2019-12-26,11.779042,13.128411,,,
2019-12-27,11.362694,12.892191,,,
2019-12-30,11.24513,12.721083,,,
2019-12-31,11.386753,12.62553,,,
2020-01-02,11.421169,12.5223,,,
2020-01-03,11.847446,12.538455,,,
2020-01-06,12.824964,12.742231,,,
2020-01-07,13.419976,12.912029,,,
2020-01-08,14.159984,13.160026,,,
2020-01-09,14.106656,13.236387,,,
2020-01-10,14.097771,13.313079,,,
2020-01-13,14.158514,13.400981,,,
2020-01-14,14.075676,13.447256,,,
2020-01-15,14.09045,13.508414,,,
2020-01-16,14.1203,13.569467,,,
2020-01-17,14.123534,13.620425,,,
2020-01-20,14.552356,13.783114,,,
2020-01-21,14.988237,13.971921,,,
2020-01-22,15.445492,14.18902,,,
2020-01-23,15.583661,14.340927,,,
2020-01-24,15.575774,14.451752,,,
2020-01-27,16.110516,14.699774,,,
2020-01-28,16.507011,14.936158,,,
2020-01-29,16.504674,15.078326,,,
2020-01-30,16.603116,15.234842,,,
2020-01-31,16.858744,15.428947,,,
2020-02-03,16.499163,15.460861,,,
2020-02-04,15.792775,15.362601,,,
2020-02-05,15.25185,15.254183,,,
2020-02-06,14.761233,15.120166,,,
2020-02-07,14.424156,14.995605,,,
2020-02-10,14.35277,14.924187,,,
2020-02-11,14.19518,14.829261,,,
2020-02-12,14.003453,14.719328,,,
2020-02-13,13.792302,14.596662,,,
2020-02-14,13.734868,14.507874,,,
2020-02-17,13.963245,14.499886,,,
2020-02-18,14.145497,14.500805,,,
2020-02-19,14.103665,14.457096,,,
2020-02-20,13.96911,14.388269,,,
2020-02-24,14.979407,14.625699,,,
2020-02-25,15.619604,14.832453,,,
2020-02-26,16.499736,15.144049,,,
2020-02-27,16.923158,15.382772,,,
2020-02-28,19.028772,16.097065,,,
2020-03-02,21.085848,16.924605,,,
2020-03-03,22.237232,17.616913,,,
2020-03-04,22.901488,18.218103,,,
2020-03-05,23.017659,18.675548,,,
2020-03-06,23.891772,19.30868,,,
2020-03-09,26.194515,20.353346,,,
2020-03-11,27.98301,21.372132,,,
2020-03-12,32.37534,23.171029,,,
2020-03-13,38.740227,25.743663,,,
2020-03-16,45.453485,28.756057,,,
2020-03-17,51.27899,31.86278,,,
2020-03-18,55.505993,34.780709,,,
2020-03-19,61.070661,38.182462,,,
2020-03-20,63.08044,40.811329,,,
2020-03-23,66.050293,43.645753,,,
2020-03-24,71.903529,47.278867,,,
2020-03-25,73.812352,50.038061,,,
2020-03-26,73.051567,51.991873,,,
2020-03-27,72.164378,53.66443,,,
2020-03-30,72.072918,55.3213,,,
2020-03-31,69.518614,56.147546,,,
2020-04-01,66.362409,56.502314,,,
2020-04-03,62.674939,56.393013,,,
2020-04-07,59.049959,55.975466,,,
2020-04-08,56.779973,55.635879,,,
2020-04-09,54.436649,55.100799,,,
2020-04-13,53.444432,54.769817,,,
2020-04-15,52.209622,54.312561,,,
2020-04-16,50.173081,53.565964,,,
2020-04-17,47.645387,52.568149,,,
2020-04-20,46.250258,51.740136,,,
2020-04-21,45.900172,51.145578,,,
2020-04-22,44.873448,50.388707,,,
2020-04-23,42.992299,49.374279,,,
2020-04-24,41.701532,48.442072,,,
2020-04-27,40.481022,47.496429,,,
2020-04-28,38.770681,46.392208,,,
2020-04-29,37.12712,45.251098,,,
2020-04-30,36.081414,44.227362,,,
2020-05-04,38.610942,44.176693,,,
2020-05-05,40.277295,44.125175,,,
2020-05-06,40.60153,43.863796,,,
2020-05-07,40.377687,43.506178,,,
2020-05-08,39.721791,43.042889,,,
2020-05-11,39.161194,42.588081,,,
2020-05-12,38.844129,42.190074,,,
2020-05-13,38.842753,41.885521,,,
2020-05-14,38.621835,41.548656,,,
2020-05-15,38.421224,41.227869,,,
2020-05-18,39.254149,41.199881,,,
2020-05-19,39.319433,41.040801,,,
2020-05-20,38.149622,40.565274,,,
2020-05-21,36.429749,39.876612,,,
2020-05-22,35.079833,39.195102,,,
2020-05-26,33.876555,38.49282,,,
2020-05-27,33.007703,37.8362,,,
2020-05-28,32.011802,37.125637,,,
2020-05-29,31.414535,36.497851,,,
2020-06-01,31.18969,35.97441,,,
2020-06-02,30.833127,35.442191,,,
2020-06-03,30.568751,34.951083,,,
2020-06-04,30.275835,34.472803,,,
2020-06-05,29.74389,33.946184,,,
2020-06-08,29.712593,33.555622,,,
2020-06-09,29.878395,33.251475,,,
2020-06-10,29.732264,32.904977,,,
2020-06-11,29.708176,32.609979,,,
2020-06-12,30.078784,32.447254,,,
2020-06-15,30.912523,32.459322,,,
2020-06-16,31.598349,32.505747,,,
2020-06-17,32.182232,32.582497,,,
2020-06-18,31.941488,32.480452,,,
2020-06-19,31.284325,32.252229,,,
2020-06-22,31.00955,32.089299,,,
2020-06-23,30.453033,31.839363,,,
2020-06-24,30.162022,31.633966,,,
2020-06-25,30.018015,31.460878,,,
2020-06-26,29.59201,31.213526,,,
2020-06-29,29.364673,31.004114,,,
2020-06-30,29.283116,30.832831,,,
2020-07-01,28.895411,30.58621,,,
2020-07-02,28.100274,30.215646,,,
2020-07-03,27.323516,29.811496,,,
2020-07-06,26.615678,29.392269,,,
2020-07-07,26.110452,29.002063,,,
2020-07-08,26.106968,28.738239,,,
2020-07-09,25.707979,28.390217,,,
2020-07-10,25.451986,28.076561,,,
2020-07-13,25.384657,27.819601,,,
2020-07-14,25.803105,27.712365,,,
2020-07-15,25.965403,27.583059,,,
2020-07-16,25.763602,27.380963,,,
2020-07-17,25.229068,27.088148,,,
2020-07-20,25.056045,26.871953,,,
2020-07-21,24.847364,26.649957,,,
2020-07-22,24.861576,26.489961,,,
2020-07-23,24.787717,26.321782,,,
2020-07-24,24.705145,26.159802,,,
2020-07-27,24.810097,26.056184,,,
2020-07-28,24.420064,25.836531,,,
2020-07-29,24.31671,25.679574,,,
2020-07-30,24.454473,25.593249,,,
2020-07-31,24.366316,25.465681,,,
2020-08-03,24.640877,25.440619,,,
2020-08-04,24.367251,25.29329,,,
2020-08-05,24.101501,25.136627,,,
2020-08-06,23.784334,24.956025,,,
2020-08-07,23.382889,24.740022,,,
2020-08-10,23.091926,24.537293,,,
2020-08-11,22.514618,24.248448,,,
2020-08-12,21.959745,23.939498,,,
2020-08-13,21.496497,23.63318,,,
2020-08-14,21.554331,23.454709,,,
2020-08-17,21.472887,23.259736,,,
2020-08-18,21.125258,23.002487,,,
2020-08-19,20.736839,22.725897,,,
2020-08-20,20.697893,22.534452,,,
2020-08-21,20.445262,22.298593,,,
2020-08-24,20.040174,22.01963,,,
2020-08-25,19.800116,21.774209,,,
2020-08-26,19.633411,21.549281,,,
2020-08-27,19.38894,21.308437,,,
2020-08-28,19.042627,21.039488,,,
2020-08-31,20.308418,21.203171,,,
2020-09-01,20.805612,21.257428,,,
2020-09-02,20.907075,21.244026,,,
2020-09-03,20.771383,21.176387,,,
2020-09-04,21.230922,21.264897,,,
2020-09-07,21.490615,21.332634,,,
2020-09-08,21.90041,21.458758,,,
2020-09-09,22.010273,21.528871,,,
2020-09-10,21.760182,21.504428,,,
2020-09-11,21.410121,21.432207,,,
2020-09-14,21.336748,21.410189,,,
2020-09-15,21.091165,21.336535,,,
2020-09-16,20.61411,21.184123,,,
2020-09-17,20.44274,21.085566,,,
2020-09-18,20.311827,20.991424,,,
2020-09-21,20.937885,21.100385,,,
2020-09-22,21.095256,21.128532,,,
2020-09-23,21.060171,21.115938,,,
2020-09-24,21.876781,21.33358,,,
2020-09-25,21.477854,21.274164,,,
2020-09-28,20.841902,21.11924,,,
2020-09-29,20.484602,20.996582,,,
2020-09-30,20.166401,20.863256,,,
2020-10-01,19.560934,20.634778,,,
2020-10-05,19.60729,20.549799,,,
2020-10-06,19.618193,20.46709,,,
2020-10-07,19.765462,20.430081,,,
2020-10-08,19.970308,20.425528,,,
2020-10-09,20.106871,20.421389,,,
2020-10-12,20.447914,20.485808,,,
2020-10-13,20.538609,20.507099,,,
2020-10-14,20.429072,20.48009,,,
2020-10-15,20.972715,20.623718,,,
2020-10-16,21.198476,20.717016,,,
2020-10-19,21.405651,20.817287,,,
2020-10-20,21.833767,20.987534,,,
2020-10-21,22.195845,21.163213,,,
2020-10-22,22.343896,21.297466,,,
2020-10-23,22.172598,21.345878,,,
2020-10-26,22.391732,21.480798,,,
2020-10-27,22.327821,21.54618,,,
2020-10-28,22.645214,21.7038,,,
2020-10-29,23.103476,21.914364,,,
2020-10-30,23.652318,22.172149,,,
2020-11-02,24.171545,22.448317,,,
2020-11-03,24.194363,22.611198,,,
2020-11-04,23.862909,22.664725,,,
2020-11-05,22.898606,22.510659,,,
2020-11-06,22.099071,22.327872,,,
2020-11-09,21.436047,22.126247,,,
2020-11-10,21.484031,22.076588,,,
2020-11-11,21.666021,22.072353,,,
2020-11-12,21.317348,21.940321,,,
2020-11-13,20.778232,21.736656,,,
2020-11-17,20.452154,21.560596,,,
2020-11-18,20.008103,21.338724,,,
2020-11-19,19.862069,21.177931,,,
2020-11-20,19.781379,21.036301,,,
2020-11-23,20.120919,21.014819,,,
2020-11-24,20.433946,21.018926,,,
2020-11-25,21.33263,21.210842,,,
2020-11-26,20.895087,21.102583,,,
2020-11-27,20.536725,20.985985,,,
2020-12-01,20.417817,20.912714,,,
2020-12-02,20.248544,20.821558,,,
2020-12-03,19.832363,20.655962,,,
2020-12-04,19.231575,20.417238,,,
2020-12-07,18.827717,20.199307,,,
2020-12-08,18.758478,20.055734,,,
2020-12-09,18.812319,19.952485,,,
2020-12-10,18.778212,19.839532,,,
2020-12-11,18.782142,19.74412,,,
2020-12-14,18.988094,19.712836,,,
2020-12-15,19.10873,19.679851,,,
2020-12-16,19.139153,19.636229,,,
2020-12-17,19.146102,19.592935,,,
2020-12-18,18.970735,19.504487,,,
2020-12-21,20.377157,19.839533,,,
2020-12-22,20.914771,20.03503,,,
2020-12-23,20.776514,20.0773,,,
2020-12-24,20.507676,20.067546,,,
2020-12-28,20.481784,20.100496,,,
2020-12-29,20.584523,20.163178,,,
2020-12-30,20.759682,20.249253,,,
2020-12-31,20.873122,20.326594,,,
2021-01-04,20.592081,20.299631,,,
2021-01-05,20.548054,20.31421,,,
2021-01-06,20.698703,20.376554,,,
2021-01-07,20.672469,20.398686,,,
2021-01-08,20.661646,20.420623,,,
2021-01-11,21.23443,20.598748,,,
2021-01-12,21.772954,20.803408,,,
2021-01-13,22.278636,21.029462,,,
2021-01-14,22.529091,21.211329,,,
2021-01-15,23.022727,21.465753,,,
2021-01-18,23.481818,21.732503,,,
2021-01-19,23.287879,21.838639,,,
2021-01-20,22.708585,21.812399,,,
2021-01-21,22.53239,21.845817,,,
2021-01-25,22.771594,21.97347,,,
2021-01-27,23.311062,22.193155,,,
2021-01-28,23.637375,22.383777,,,
2021-01-29,24.204917,22.652525,,,
2021-02-01,23.909944,22.713204,,,
2021-02-02,23.723296,22.771095,,,
2021-02-03,23.732198,22.860086,,,
2021-02-04,23.528132,22.883715,,,
2021-02-05,23.492088,22.932468,,,
2021-02-08,23.648058,23.02588,,,
2021-02-09,23.855372,23.138982,,,
2021-02-10,23.886915,23.212711,,,
2021-02-11,23.607943,23.197919,,,
2021-02-12,23.085296,23.092654,,,
2021-02-16,22.650197,22.973322,,,
2021-02-18,22.280132,22.84302,,,
2021-02-19,22.270088,22.789109,,,
2021-02-22,23.336725,23.032826,,,
2021-02-23,23.967817,23.232569,,,
2021-02-24,24.035211,23.31779,,,
2021-02-25,23.653474,23.2789,,,
2021-02-26,25.148982,23.720818,,,
2021-03-01,25.309321,23.89438,,,
2021-03-02,24.742881,23.868527,,,
2021-03-03,23.858587,23.706843,,,
2021-03-04,23.955725,23.74713,,,
2021-03-05,24.490483,23.911936,,,
2021-03-08,24.553655,23.98176,,,
2021-03-09,23.869104,23.847055,,,
2021-03-10,22.829402,23.565504,,,
2021-03-12,22.456268,23.396822,,,
2021-03-15,22.047512,23.199838,,,
2021-03-16,21.428341,22.926217,,,
2021-03-17,21.005561,22.674742,,,
2021-03-18,20.697041,22.438857,,,
2021-03-19,20.46136,22.216233,,,
2021-03-22,20.470907,22.059303,,,
2021-03-23,20.537271,21.933003,,,
2021-03-24,21.178181,21.980912,,,
2021-03-25,21.685454,22.046283,,,
2021-03-26,21.340302,21.919348,,,
2021-03-30,21.056868,21.789408,,,
2021-03-31,20.921245,21.685825,,,
2021-04-01,20.61083,21.531659,,,
2021-04-05,20.813887,21.503326,,,
2021-04-06,20.822591,21.443024,,,
2021-04-07,20.631727,21.334567,,,
2021-04-08,20.524485,21.241425,,,
2021-04-09,20.279657,21.109477,,,
2021-04-12,21.186438,21.281343,,,
2021-04-13,20.944292,21.206675,,,
2021-04-15,20.926194,21.177887,,,
2021-04-16,20.750796,21.10717,,,
2021-04-19,21.330531,21.232881,,,
2021-04-20,21.69702,21.34171,,,
2021-04-22,22.141347,21.495191,,,
2021-04-23,22.324232,21.60381,,,
2021-04-26,22.716154,21.776191,,,
2021-04-27,22.837436,21.894719,,,
2021-04-28,22.751624,21.957018,,,
2021-04-29,22.937749,22.080016,,,
2021-04-30,22.9685,22.166378,,,
2021-05-03,23.209,22.304889,,,
2021-05-04,23.142667,22.36899,,,
2021-05-06,22.775111,22.339082,,,
2021-05-07,22.123408,22.200984,,,
2021-05-10,21.492272,22.021803,,,
2021-05-12,21.021514,21.845276,,,
2021-05-14,20.77101,21.702069,,,
2021-05-17,20.384007,21.511881,,,
2021-05-18,20.002671,21.305346,,,
2021-05-19,19.775114,21.12486,,,
2021-05-21,19.543409,20.938964,,,
2021-05-24,19.405606,20.774512,,,
2021-05-26,19.893738,20.783193,,,
2021-05-27,19.899158,20.703812,,,
2021-05-28,19.066105,20.403465,,,
2021-06-01,18.507403,20.129514,,,
2021-06-02,18.074935,19.864104,,,
2021-06-03,17.299957,19.490094,,,
2021-06-04,16.846638,19.167358,,,
2021-06-07,16.421092,18.840326,,,
2021-06-08,16.024061,18.512114,,,
2021-06-09,15.599374,18.170104,,,
2021-06-10,15.399583,17.881913,,,
2021-06-11,14.966389,17.538102,,,
2021-06-14,14.884259,17.281911,,,
2021-06-15,14.792839,17.03901,,,
2021-06-16,14.81856,16.841827,,,
2021-06-17,14.975706,16.700752,,,
2021-06-18,14.917138,16.527957,,,
2021-06-21,14.964759,16.394506,,,
2021-06-22,14.889839,16.244096,,,
2021-06-23,15.049893,16.164633,,,
2021-06-24,15.066595,16.067848,,,
2021-06-25,14.501063,15.822589,,,
2021-06-28,14.134042,15.602354,,,
2021-06-29,13.756028,15.365776,,,
2021-06-30,13.520685,15.155251,,,
2021-07-01,13.29379,14.944774,,,
2021-07-02,12.892527,14.685249,,,
2021-07-06,12.688351,14.46659,,,
2021-07-07,12.528901,14.261445,,,
2021-07-08,12.872601,14.197678,,,
2021-07-09,12.895067,14.083343,,,
2021-07-12,12.926711,13.983948,,,
2021-07-13,12.824474,13.859953,,,
2021-07-14,12.746316,13.744503,,,
2021-07-15,12.587544,13.610457,,,
2021-07-16,12.29503,13.437688,,,
2021-07-19,12.423353,13.368808,,,
2021-07-20,12.685569,13.354371,,,
2021-07-22,12.420379,13.221246,,,
2021-07-23,12.200253,13.088405,,,
2021-07-26,12.283502,13.030369,,,
2021-07-27,12.599001,13.048517,,,
2021-07-28,12.962667,13.106833,,,
2021-07-29,12.958445,13.092576,,,
2021-07-30,12.90563,13.065978,,,
2021-08-02,12.873753,13.042707,,,
2021-08-03,13.165836,13.107007,,,
2021-08-04,13.180557,13.11637,,,
2021-08-05,13.077038,13.093972,,,
2021-08-06,12.921359,13.049975,,,
2021-08-09,12.817572,13.009977,,,
2021-08-10,12.781715,12.982707,,,
2021-08-11,12.75781,12.957915,,,
2021-08-12,12.62854,12.904468,,,
2021-08-13,12.749027,12.912244,,,
2021-08-16,12.986018,12.96204,,,
2021-08-17,13.127345,13.002763,,,
2021-08-18,13.054897,12.99433,,,
2021-08-20,13.376598,13.087573,,,
2021-08-23,13.481065,13.142339,,,
2021-08-24,13.384043,13.146672,,,
2021-08-25,13.422696,13.178793,,,
2021-08-26,13.461797,13.21163,,,
2021-08-27,13.444531,13.229663,,,
2021-08-30,13.403021,13.237876,,,
2021-08-31,13.775347,13.354433,,,
2021-09-01,13.913565,13.430393,,,
2021-09-02,14.022376,13.503994,,,
2021-09-03,14.194918,13.598176,,,
2021-09-06,14.499945,13.735615,,,
2021-09-07,14.633297,13.841468,,,
2021-09-08,14.558864,13.893153,,,
2021-09-09,14.352576,13.897411,,,
2021-09-13,14.245051,13.909465,,,
2021-09-14,14.023367,13.879514,,,
2021-09-15,13.925578,13.865921,,,
2021-09-16,14.087052,13.915383,,,
2021-09-17,14.468034,14.034894,,,
2021-09-20,15.475356,14.348994,,,
2021-09-21,15.823571,14.546358,,,
2021-09-22,16.045714,14.723053,,,
2021-09-23,16.230476,14.893685,,,
2021-09-24,16.460317,15.077895,,,
2021-09-27,16.990211,15.348086,,,
2021-09-28,17.506808,15.63826,,,
2021-09-29,17.951205,15.929328,,,
2021-09-30,18.100803,16.153934,,,
2021-10-01,17.803869,16.24994,,,
2021-10-04,17.449246,16.294491,,,
2021-10-05,17.099497,16.304083,,,
2021-10-06,17.176331,16.397348,,,
2021-10-07,16.837554,16.375771,,,
2021-10-08,16.441703,16.309792,,,
2021-10-11,16.324468,16.289811,,,
2021-10-12,16.166312,16.249828,,,
2021-10-13,16.144208,16.236207,,,
2021-10-14,16.019472,16.193825,,,
2021-10-18,16.406315,16.283477,,,
2021-10-19,16.730876,16.383161,,,
2021-10-20,17.257251,16.558328,,,
2021-10-21,17.518167,16.693026,,,
2021-10-22,17.528778,16.770932,,,
2021-10-25,17.555852,16.847211,,,
2021-10-26,17.287235,16.838374,,,
2021-10-27,17.134823,16.837613,,,
2021-10-28,17.393215,16.935102,,,
2021-10-29,17.405477,16.980093,,,
2021-11-01,17.350318,17.003721,,,
2021-11-02,17.253545,17.008837,,,
2021-11-03,16.87903,16.928943,,,
2021-11-04,16.502687,16.821766,,,
2021-11-08,16.448458,16.777969,,,
2021-11-09,16.298972,16.707245,,,
2021-11-10,16.302648,16.671132,,,
2021-11-11,16.318432,16.641938,,,
2021-11-12,15.952288,16.512671,,,
2021-11-15,15.791525,16.417883,,,
2021-11-16,15.59435,16.307166,,,
2021-11-17,15.389567,16.186514,,,
2021-11-18,15.213044,16.065922,,,
2021-11-22,15.98203,16.198111,,,
2021-11-23,16.661353,16.363737,,,
2021-11-24,16.807569,16.43067,,,
2021-11-25,16.758379,16.451519,,,
2021-11-26,18.105586,16.846835,,,
2021-11-29,19.013724,17.208941,,,
2021-11-30,19.732483,17.569037,,,
2021-12-01,19.638322,17.740034,,,
2021-12-02,19.122215,17.771849,,,
2021-12-03,18.898143,17.833499,,,
2021-12-06,19.292096,18.037726,,,
2021-12-07,19.01473,18.076115,,,
2021-12-08,18.433154,18.002832,,,
2021-12-09,17.822102,17.875302,,,
2021-12-10,17.234735,17.710274,,,
2021-12-13,17.013156,17.606613,,,
2021-12-14,16.992105,17.546921,,,
2021-12-15,17.068069,17.517201,,,
2021-12-16,16.678713,17.370182,,,
2021-12-17,16.565809,17.276529,,,
2021-12-20,17.367206,17.430481,,,
2021-12-21,17.424804,17.440438,,,
2021-12-22,17.143203,17.362216,,,
2021-12-23,16.705468,17.222924,,,
2021-12-24,16.520312,17.125385,,,
2021-12-27,16.720208,17.124896,,,
2021-12-28,16.640139,17.066269,,,
2021-12-29,16.506759,16.991153,,,
2021-12-30,16.527839,16.952867,,,
2021-12-31,16.425226,16.886242,,,
2022-01-03,16.433484,16.846584,,,
2022-01-04,16.32899,16.780531,,,
2022-01-05,16.629326,16.821392,,,
2022-01-06,17.079551,16.92672,,,
2022-01-07,17.253034,16.987927,,,
2022-01-10,17.395356,17.050843,,,
2022-01-11,17.516904,17.115312,,,
2022-01-12,17.404603,17.121192,,,
2022-01-13,17.169735,17.082902,,,
2022-01-14,16.96649,17.035366,,,
2022-01-17,16.900994,17.011242,,,
2022-01-18,17.193996,17.081129,,,
2022-01-19,17.402664,17.148299,,,
2022-01-20,17.531776,17.206635,,,
2022-01-21,17.984517,17.359668,,,
2022-01-24,19.599678,17.856971,,,
2022-01-25,20.186452,18.175429,,,
2022-01-27,20.480968,18.438571,,,
2022-01-28,20.553979,18.644156,,,
2022-01-31,21.01932,18.944687,,,
2022-02-01,20.67288,19.038807,,,
2022-02-02,19.998586,19.00346,,,
2022-02-03,19.719057,19.017691,,,
2022-02-04,19.446038,19.006992,,,
2022-02-07,19.777359,19.137266,,,
2022-02-08,19.744906,19.186605,,,
2022-02-09,19.349937,19.129641,,,
2022-02-10,18.803291,19.000583,,,
2022-02-11,18.762194,18.971439,,,
2022-02-14,20.168129,19.335853,,,
2022-02-15,20.31542,19.451685,,,
2022-02-16,20.406947,19.555168,,,
2022-02-17,20.941298,19.778335,,,
2022-02-18,21.350865,19.995759,,,
2022-02-21,21.867243,20.259781,,,
2022-02-22,23.464829,20.841619,,,
2022-02-23,23.82322,21.177835,,,
2022-02-24,26.542146,22.15985,,,
2022-02-25,26.608097,22.576228,,,
2022-02-28,27.262065,23.121116,,,
2022-03-02,27.918043,23.676469,,,
2022-03-03,27.998695,24.084063,,,
2022-03-04,27.985797,24.436421,,,
2022-03-07,28.433864,24.881291,,,
2022-03-08,28.48591,25.218447,,,
2022-03-09,28.147273,25.423133,,,
2022-03-10,27.291515,25.437394,,,
2022-03-11,26.644344,25.429449,,,
2022-03-14,26.322896,25.452226,,,
2022-03-15,26.458597,25.568388,,,
2022-03-16,25.679065,25.436716,,,
2022-03-17,24.656044,25.179742,,,
2022-03-21,24.644029,25.128856,,,
2022-03-22,24.452686,25.032597,,,
2022-03-23,24.551791,25.006906,,,
2022-03-24,24.344527,24.909006,,,
2022-03-25,24.039685,24.774551,,,
2022-03-28,23.563123,24.577773,,,
2022-03-29,22.808749,24.279794,,,
2022-03-30,22.075833,23.946176,,,
2022-03-31,21.570555,23.638342,,,
2022-04-01,20.523703,23.164856,,,
2022-04-04,19.652469,22.687142,,,
2022-04-05,19.264979,22.305584,,,
2022-04-06,19.18332,22.006894,,,
2022-04-07,19.122213,21.73354,,,
2022-04-08,18.644809,21.365946,,,
2022-04-11,18.519873,21.084496,,,
2022-04-12,18.399915,20.818633,,,
2022-04-13,18.19661,20.543303,,,
2022-04-18,18.57774,20.433912,,,
2022-04-19,18.97516,20.373556,,,
2022-04-20,18.87344,20.218687,,,
2022-04-21,18.532294,20.003352,,,
2022-04-22,18.471529,19.853047,,,
2022-04-25,19.40102,19.980952,,,
2022-04-26,19.33068,19.909048,,,
2022-04-27,19.75712,19.972771,,,
2022-04-28,19.631413,19.918882,,,
2022-04-29,19.560942,19.873529,,,
2022-05-02,19.800628,19.910481,,,
2022-05-04,20.493752,20.089528,,,
2022-05-05,20.425835,20.107753,,,
2022-05-06,20.700557,20.211594,,,
2022-05-09,21.143705,20.376903,,,
2022-05-10,21.529136,20.55173,,,
2022-05-11,21.952757,20.756118,,,
2022-05-12,22.725172,21.075562,,,
2022-05-13,22.980114,21.295057,,,
2022-05-16,23.496743,21.589142,,,
2022-05-17,23.244495,21.693766,,,
2022-05-18,22.929663,21.748878,,,
2022-05-19,23.473109,22.004434,,,
2022-05-20,23.348739,22.104031,,,
2022-05-23,23.365826,22.221847,,,
2022-05-24,24.123884,22.532588,,,
2022-05-25,24.509256,22.782353,,,
2022-05-26,23.912837,22.776684,,,
2022-05-27,23.101891,22.658804,,,
2022-05-30,22.061261,22.415276,,,
2022-05-31,21.534174,22.239342,,,
2022-06-01,21.306116,22.113038,,,
2022-06-02,20.97741,21.950035,,,
2022-06-03,20.64494,21.77094,,,
2022-06-06,20.496627,21.628128,,,
2022-06-07,20.474418,21.519207,,,
2022-06-08,20.262945,21.366552,,,
2022-06-09,19.88863,21.164138,,,
2022-06-10,19.785753,21.020125,,,
2022-06-13,20.647169,21.142841,,,
2022-06-14,21.061446,21.210765,,,
2022-06-15,21.424297,21.29615,,,
2022-06-16,21.906198,21.439227,,,
2022-06-17,22.190799,21.559297,,,
2022-06-20,22.263866,21.636634,,,
2022-06-21,21.889244,21.591485,,,
2022-06-22,21.692829,21.564987,,,
2022-06-23,21.421886,21.502715,,,
2022-06-24,21.131257,21.416105,,,
2022-06-27,21.090838,21.379186,,,
2022-06-28,21.210559,21.385624,,,
2022-06-29,21.440372,21.432385,,,
2022-06-30,21.573582,21.469441,,,
2022-07-01,21.465721,21.449492,,,
2022-07-04,21.300481,21.405902,,,
2022-07-05,21.130321,21.349911,,,
2022-07-06,20.843547,21.251737,,,
2022-07-07,20.295698,21.065216,,,
2022-07-08,19.663799,20.822923,,,
2022-07-11,19.232533,20.59993,,,
2022-07-12,19.005022,20.413573,,,
2022-07-13,18.843348,20.24143,,,
2022-07-14,18.675565,20.068573,,,
2022-07-15,18.317044,19.844157,,,
2022-07-18,17.931362,19.600143,,,
2022-07-19,17.687575,19.381948,,,
2022-07-20,17.398383,19.149044,,,
2022-07-21,17.218922,18.940949,,,
2022-07-22,17.029282,18.732681,,,
2022-07-25,17.246188,18.636982,,,
2022-07-26,17.554125,18.59453,,,
2022-07-27,17.746083,18.552299,,,
2022-07-28,17.500722,18.41209,,,
2022-07-29,17.183815,18.242809,,,
2022-08-01,17.285876,18.174372,,,
2022-08-02,17.700584,18.206702,,,
2022-08-03,17.95039,18.22882,,,
2022-08-04,18.386927,18.322564,,,
2022-08-05,18.564618,18.376876,,,
2022-08-08,18.809745,18.460796,,,
2022-08-10,19.06983,18.563451,,,
2022-08-11,18.83322,18.544956,,,
2022-08-12,18.42548,18.45996,,,
2022-08-16,18.176987,18.389054,,,
2022-08-17,18.011325,18.324595,,,
2022-08-18,17.790883,18.235995,,,
2022-08-19,17.957256,18.240905,,,
2022-08-22,18.318171,18.31355,,,
2022-08-23,18.562114,18.3805,,,
2022-08-24,18.518076,18.385,,,
2022-08-25,18.868717,18.492727,,,
2022-08-26,18.652478,18.467934,,,
2022-08-29,19.041652,18.590849,,,
2022-08-30,18.927768,18.600772,,,
2022-09-01,19.241846,18.716156,,,
2022-09-02,19.344564,18.79196,,,
2022-09-05,19.449709,18.870873,,,
2022-09-06,19.473139,18.929884,,,
2022-09-07,19.43876,18.969895,,,
2022-09-08,19.062506,18.909905,,,
2022-09-09,18.615004,18.801731,,,
2022-09-12,18.390003,18.723392,,,
2022-09-13,18.083335,18.609447,,,
2022-09-14,18.14889,18.579498,,,
2022-09-15,18.22926,18.562271,,,
2022-09-16,18.759507,18.67661,,,
2022-09-19,19.153005,18.791463,,,
2022-09-20,19.035336,18.792239,,,
2022-09-21,19.133557,18.841127,,,
2022-09-22,19.029038,18.839206,,,
2022-09-23,19.549359,18.998369,,,
2022-09-26,20.329572,19.261245,,,
2022-09-27,20.743048,19.471131,,,
2022-09-28,21.195366,19.710119,,,
2022-09-29,21.230243,19.854654,,,
2022-09-30,20.810162,19.86514,,,
2022-10-03,20.996775,20.001945,,,
2022-10-04,20.521183,19.962678,,,
2022-10-06,20.120789,19.904252,,,
2022-10-07,19.683859,19.804775,,,
2022-10-10,19.662573,19.787977,,,
2022-10-11,19.938382,19.851797,,,
2022-10-12,20.018921,19.881634,,,
2022-10-13,20.109281,19.918758,,,
2022-10-14,19.492854,19.767962,,,
2022-10-17,19.135236,19.64542,,,
2022-10-18,18.573491,19.445837,,,
2022-10-19,18.212327,19.268033,,,
2022-10-20,17.884885,19.082757,,,
2022-10-21,17.683257,18.91887,,,
2022-10-24,17.595504,18.78261,,,
2022-10-25,17.357003,18.609645,,,
2022-10-27,17.104669,18.42695,,,
2022-10-28,16.709779,18.199045,,,
2022-10-31,16.406519,17.98095,,,
2022-11-01,16.314346,17.812682,,,
2022-11-02,16.429564,17.707893,,,
2022-11-03,16.266376,17.547175,,,
2022-11-04,16.064251,17.375614,,,
2022-11-07,15.906167,17.213285,,,
2022-11-09,15.910778,17.095714,,,
2022-11-10,15.797185,16.957013,,,
2022-11-11,15.33479,16.725466,,,
2022-11-14,15.193193,16.560424,,,
2022-11-15,15.008796,16.38584,,,
2022-11-16,15.039197,16.268945,,,
2022-11-17,14.986132,16.142677,,,
2022-11-18,14.787421,15.983343,,,
2022-11-21,14.791614,15.875767,,,
2022-11-22,14.474409,15.690697,,,
2022-11-23,14.329606,15.540634,,,
2022-11-24,14.046404,15.353303,,,
2022-11-25,13.807603,15.169367,,,
2022-11-28,13.728402,15.02397,,,
2022-11-29,13.692268,14.896336,,,
2022-11-30,13.731512,14.797578,,,
2022-12-01,13.607675,14.666889,,,
2022-12-02,13.555116,14.556263,,,
2022-12-05,13.613411,14.481148,,,
2022-12-06,13.755607,14.441044,,,
2022-12-07,13.863738,14.408222,,,
2022-12-08,13.709159,14.316565,,,
2022-12-09,13.632772,14.240514,,,
2022-12-12,13.528515,14.15683,,,
2022-12-13,13.312343,14.040755,,,
2022-12-14,13.171562,13.936141,,,
2022-12-15,13.357708,13.917401,,,
2022-12-16,13.595139,13.931273,,,
2022-12-19,13.580092,13.896612,,,
2022-12-20,13.646728,13.886011,,,
2022-12-21,14.284486,14.038192,,,
2022-12-22,14.586324,14.142902,,,
2022-12-23,15.110882,14.326274,,,
2022-12-27,15.170588,14.413886,,,
2022-12-28,15.247059,14.503532,,,
2022-12-29,15.101373,14.531393,,,
2022-12-30,15.024248,14.562176,,,
2023-01-02,14.912832,14.573796,,,
2023-01-03,14.738555,14.557087,,,
2023-01-04,14.89237,14.615534,,,
2023-01-05,14.92158,14.648667,,,
2023-01-06,14.95772,14.683334,,,
2023-01-09,14.855146,14.680303,,,
2023-01-10,15.073431,14.75573,,,
2023-01-11,15.195621,14.817937,,,
2023-01-12,15.223747,14.859942,,,
2023-01-13,14.969165,14.823584,,,
2023-01-16,14.98611,14.84144,,,
2023-01-17,14.854073,14.818582,,,
2023-01-18,14.692716,14.777802,,,
2023-01-19,14.448477,14.703456,,,
2023-01-20,14.228985,14.620415,,,
2023-01-23,14.02599,14.529468,,,
2023-01-24,13.903993,14.450425,,,
2023-01-25,14.155995,14.469477,,,
2023-01-27,15.210663,14.728616,,,
2023-01-30,16.043775,14.999651,,,
2023-01-31,16.322517,15.170591,,,
2023-02-01,16.475011,15.316901,,,
2023-02-02,16.226674,15.354456,,,
2023-02-03,15.617783,15.267687,,,
2023-02-06,15.308522,15.21517,,,
2023-02-07,14.915681,15.116518,,,
2023-02-08,14.477121,14.978653,,,
2023-02-09,13.998081,14.802412,,,
2023-02-10,13.582054,14.615829,,,
2023-02-13,13.614703,14.530754,,,
2023-02-14,13.559802,14.432503,,,
2023-02-15,13.326534,14.289548,,,
2023-02-16,13.181023,14.162317,,,
2023-02-17,13.150682,14.064833,,,
2023-02-20,13.227121,14.002576,,,
2023-02-21,13.488081,14.003251,,,
2023-02-22,14.188721,14.147501,,,
2023-02-23,14.485814,14.232273,,,
2023-02-24,14.387209,14.22843,,,
2023-02-27,14.218139,14.196755,,,
2023-02-28,14.152093,14.180686,,,
2023-03-01,13.768062,14.073351,,,
2023-03-02,13.502041,13.973047,,,
2023-03-03,13.061361,13.810042,,,
2023-03-06,12.797574,13.670038,,,
2023-03-08,12.681716,13.559126,,,
2023-03-09,12.697811,13.483751,,,
2023-03-10,12.935207,13.477046,,,
2023-03-13,14.030138,13.726406,,,
2023-03-14,14.760092,13.953096,,,
2023-03-15,15.273394,14.166451,,,
2023-03-16,15.588929,14.353137,,,
2023-03-17,15.315953,14.391034,,,
2023-03-20,15.547302,14.538212,,,
2023-03-21,15.391535,14.587466,,,
2023-03-22,15.19769,14.607696,,,
2023-03-23,14.961793,14.596997,,,
2023-03-24,15.054529,14.655451,,,
2023-03-27,15.186352,14.727683,,,
2023-03-28,15.157568,14.76153,,,
2023-03-29,14.648379,14.658664,,,
2023-03-31,14.078919,14.502422,,,
2023-04-03,13.582613,14.328565,,,
2023-04-05,13.191742,14.15415,,,
2023-04-06,12.727828,13.940136,,,
2023-04-10,12.575219,13.788306,,,
2023-04-11,12.376812,13.623914,,,
2023-04-12,12.341208,13.500831,,,
2023-04-13,12.197472,13.35621,,,
2023-04-17,12.221648,13.257464,,,
2023-04-18,12.174432,13.150422,,,
2023-04-19,12.166288,13.059474,,,
2023-04-20,12.090859,12.957704,,,
2023-04-21,11.937239,12.837004,,,
2023-04-24,11.848159,12.730912,,,
2023-04-25,11.738773,12.620829,,,
2023-04-26,11.709182,12.532572,,,
2023-04-27,11.616121,12.432338,,,
2023-04-28,11.394081,12.29758,,,
2023-05-02,11.56272,12.261437,,,
2023-05-03,11.655147,12.223124,,,
2023-05-04,11.680098,12.178295,,,
2023-05-05,11.886732,12.189359,,,
2023-05-08,12.137821,12.230326,,,
2023-05-09,12.318548,12.271206,,,
2023-05-10,12.572365,12.344732,,,
2023-05-11,12.788244,12.424302,,,
2023-05-12,12.808829,12.463002,,,
2023-05-15,12.929219,12.527275,,,
2023-05-16,13.04948,12.596613,,,
2023-05-17,13.069653,12.643285,,,
2023-05-18,12.979769,12.657532,,,
2023-05-19,12.753179,12.625029,,,
2023-05-22,12.692119,12.620026,,,
2023-05-23,12.664746,12.619115,,,
2023-05-24,12.813164,12.663741,,,
2023-05-25,12.715443,12.650673,,,
2023-05-26,12.443628,12.58243,,,
2023-05-29,12.395752,12.556755,,,
2023-05-30,12.267168,12.50705,,,
2023-05-31,12.168112,12.458227,,,
2023-06-01,11.978742,12.380206,,,
2023-06-02,11.695828,12.266551,,,
2023-06-05,11.510552,12.164138,,,
2023-06-06,11.467035,12.092852,,,
2023-06-07,11.458023,12.033502,,,
2023-06-08,11.392015,11.963184,,,
2023-06-09,11.301344,11.886531,,,
2023-06-12,11.284229,11.828664,,,
2023-06-13,11.226153,11.763331,,,
2023-06-14,11.204102,11.708483,,,
2023-06-15,11.162734,11.651348,,,
2023-06-16,11.055156,11.577589,,,
2023-06-19,11.113437,11.54599,,,
2023-06-20,11.118958,11.508173,,,
2023-06-21,11.175972,11.488339,,,
2023-06-22,11.300648,11.493944,,,
2023-06-23,11.280432,11.470859,,,
2023-06-26,11.320288,11.464417,,,
2023-06-27,11.140192,11.402197,,,
2023-06-28,11.056795,11.355634,,,
2023-06-30,10.971197,11.305122,,,
2023-07-03,11.160798,11.326474,,,
2023-07-04,11.340532,11.360431,,,
2023-07-05,11.520355,11.407665,,,
2023-07-06,11.626903,11.446968,,,
2023-07-07,11.594602,11.454516,,,
2023-07-10,11.549735,11.455015,,,
2023-07-11,11.369823,11.414559,,,
2023-07-12,11.226549,11.371417,,,
2023-07-13,11.131032,11.332197,,,
2023-07-14,10.980688,11.272907,,,
2023-07-17,11.093792,11.277188,,,
2023-07-18,11.299195,11.316534,,,
2023-07-19,11.399463,11.342304,,,
2023-07-20,11.529642,11.383004,,,
2023-07-21,11.516428,11.392731,,,
2023-07-24,11.560952,11.416119,,,
2023-07-25,11.120635,11.309199,,,
2023-07-26,10.900423,11.231999,,,
2023-07-27,10.770282,11.166363,,,
2023-07-28,10.560188,11.073057,,,
2023-07-31,10.510125,11.012779,,,
2023-08-01,10.433417,10.946163,,,
2023-08-02,10.715611,10.976512,,,
2023-08-03,10.873741,10.99592,,,
2023-08-04,10.772494,10.9572,,,
2023-08-07,10.881663,10.970181,,,
2023-08-08,11.031108,11.002892,,,
2023-08-09,11.067406,11.015357,,,
2023-08-10,11.17827,11.050324,,,
2023-08-11,11.29218,11.093022,,,
2023-08-14,11.52812,11.175475,,,
2023-08-16,11.728747,11.26225,,,
2023-08-17,11.899165,11.351136,,,
2023-08-18,11.979443,11.422851,,,
2023-08-21,11.972962,11.471683,,,
2023-08-22,11.898641,11.496984,,,
2023-08-23,11.842427,11.518167,,,
2023-08-24,11.794952,11.534698,,,
2023-08-25,11.889968,11.584271,,,
2023-08-28,12.059978,11.658428,,,
2023-08-29,12.116652,11.710389,,,
2023-08-30,12.011101,11.718535,,,
2023-08-31,12.027401,11.749578,,,
2023-09-01,11.808267,11.715071,,,
2023-09-04,11.525512,11.646428,,,
2023-09-05,11.290341,11.571298,,,
2023-09-06,11.086894,11.490271,,,
2023-09-07,11.014596,11.433883,,,
2023-09-08,10.936397,11.374439,,,
2023-09-11,11.074265,11.372217,,,
2023-09-12,11.27951,11.401106,,,
2023-09-13,11.463007,11.440097,,,
2023-09-14,11.415338,11.429179,,,
2023-09-15,11.243558,11.381072,,,
2023-09-18,11.109039,11.331883,,,
2023-09-20,11.116026,11.31353,,,
2023-09-21,11.017351,11.268664,,,
2023-09-22,10.898234,11.213331,,,
2023-09-25,10.898822,11.184846,,,
2023-09-26,10.995881,11.185315,,,
2023-09-27,11.193921,11.222104,,,
2023-09-28,11.735947,11.367367,,,
2023-09-29,11.640631,11.374879,,,
2023-10-03,11.690421,11.412618,,,
2023-10-04,11.680281,11.435107,,,
2023-10-05,11.43352,11.390097,,,
2023-10-06,11.05568,11.290997,,,
2023-10-09,11.170453,11.300907,,,
2023-10-10,11.203636,11.298097,,,
2023-10-11,11.132424,11.270088,,,
2023-10-12,10.961616,11.210989,,,
2023-10-13,10.847744,11.157263,,,
2023-10-16,10.921829,11.14933,,,
2023-10-17,10.847886,11.108482,,,
2023-10-18,10.888591,11.095893,,,
2023-10-19,10.892394,11.078084,,,
2023-10-20,10.868262,11.054622,,,
2023-10-23,10.882175,11.041474,,,
2023-10-25,11.024783,11.065886,,,
2023-10-26,11.259855,11.12626,,,
2023-10-27,11.143237,11.1066,,,
2023-10-30,11.258825,11.141454,,,
2023-10-31,11.449216,11.204049,,,
2023-11-01,11.649478,11.280954,,,
2023-11-02,11.459652,11.262685,,,
2023-11-03,11.266435,11.227896,,,
2023-11-06,11.21429,11.217178,,,
2023-11-07,11.206193,11.214707,,,
2023-11-08,11.150795,11.198825,,,
2023-11-09,11.093863,11.178932,,,
2023-11-10,11.099242,11.172665,,,
2023-11-13,11.129495,11.174241,,,
2023-11-15,11.132997,11.171128,,,
2023-11-16,11.305331,11.214662,,,
2023-11-17,11.480221,11.270602,,,
2023-11-20,11.70348,11.350547,,,
2023-11-21,11.878987,11.430497,,,
2023-11-22,11.875991,11.470452,,,
2023-11-23,11.690661,11.456775,,,
2023-11-24,11.57044,11.44525,,,
2023-11-28,11.773627,11.512045,,,
2023-11-29,12.085751,11.62095,,,
2023-11-30,12.287167,11.718136,,,
2023-12-01,12.318112,11.778306,,,
2023-12-04,12.542074,11.88846,,,
2023-12-05,12.84805,12.031327,,,
2023-12-06,13.145366,12.186661,,,
2023-12-07,12.986911,12.230601,,,
2023-12-08,12.814607,12.252364,,,
2023-12-11,12.796405,12.298513,,,
2023-12-12,12.767603,12.335921,,,
2023-12-13,12.535069,12.311746,,,
2023-12-14,12.463379,12.312497,,,
2023-12-15,12.685586,12.386815,,,
2023-12-18,13.090391,12.524377,,,
2023-12-19,13.35026,12.646707,,,
2023-12-20,13.71684,12.810642,,,
2023-12-21,13.731227,12.896948,,,
2023-12-22,13.724151,12.970862,,,
2023-12-26,14.042768,13.126238,,,
2023-12-27,14.548512,13.347489,,,
2023-12-28,14.745675,13.510445,,,
2023-12-29,14.663783,13.600404,,,
2024-01-02,14.635855,13.689458,,,
2024-01-03,14.457237,13.72678,,,
2024-01-04,14.081491,13.690709,,,
2024-01-05,13.597661,13.594281,,,
2024-01-08,13.551774,13.582074,,,
2024-01-09,13.454516,13.552794,,,
2024-01-10,13.293011,13.499813,,,
2024-01-11,13.118674,13.433467,,,
2024-01-12,13.112449,13.403151,,,
2024-01-15,13.3383,13.438319,,,
2024-01-16,13.415533,13.45029,,,
2024-01-17,13.970355,13.598446,,,
2024-01-18,14.00357,13.641314,,,
2024-01-19,13.96238,13.663013,,,
2024-01-23,14.258254,13.770921,,,
2024-01-24,14.298836,13.826292,,,
2024-01-25,14.15589,13.830265,,,
2024-01-29,14.663927,13.998423,,,
2024-01-30,15.142618,14.189476,,,
2024-01-31,15.445079,14.358614,,,
2024-02-01,15.116719,14.367831,,,
2024-02-02,14.977813,14.398028,,,
2024-02-05,15.191875,14.509116,,,
2024-02-06,15.39125,14.62556,,,
2024-02-07,15.430833,14.705964,,,
2024-02-08,15.563889,14.808149,,,
2024-02-09,15.525926,14.866499,,,
2024-02-12,15.70395,14.974999,,,
2024-02-13,15.7393,15.050908,,,
2024-02-14,15.639533,15.08628,,,
2024-02-15,15.503022,15.099346,,,
2024-02-16,15.408682,15.110314,,,
2024-02-20,15.629121,15.197558,,,
2024-02-21,15.729414,15.264144,,,
2024-02-22,15.552943,15.258313,,,
2024-02-23,15.358629,15.232103,,,
2024-02-26,15.439086,15.265548,,,
2024-02-27,15.536057,15.307771,,,
2024-02-28,15.800705,15.400701,,,
2024-02-29,15.723803,15.416091,,,
2024-03-01,15.562535,15.400083,,,
2024-03-04,15.348357,15.356439,,,
2024-03-05,15.025571,15.267672,,,
2024-03-06,14.783714,15.179702,,,
2024-03-07,14.392476,15.037002,,,
2024-03-11,14.261651,14.942729,,,
2024-03-12,14.054434,14.824299,,,
2024-03-13,14.179623,14.788454,,,
2024-03-14,13.993082,14.682231,,,
2024-03-15,13.892054,14.592028,,,
2024-03-18,13.894703,14.529116,,,
2024-03-19,13.966468,14.491015,,,
2024-03-20,13.800979,14.398195,,,
2024-03-21,13.370653,14.226541,,,
2024-03-22,12.987102,14.044128,,,
2024-03-26,12.931401,13.932844,,,
2024-03-27,12.854267,13.820767,,,
2024-03-28,12.846178,13.730697,,,
2024-04-01,12.590785,13.580634,,,
2024-04-02,12.27719,13.405122,,,
2024-04-03,11.974793,13.220111,,,
2024-04-04,11.723196,13.038282,,,
2024-04-05,11.595464,12.883893,,,
2024-04-08,11.600309,12.768085,,,
2024-04-09,11.520206,12.640077,,,
2024-04-10,11.383471,12.500979,,,
2024-04-12,11.432314,12.412708,,,
2024-04-15,11.778209,12.417917,,,
2024-04-16,12.058806,12.436288,,,
2024-04-18,12.385871,12.491171,,,
2024-04-19,12.743914,12.579246,,,
2024-04-22,12.729276,12.590224,,,
2024-04-23,11.886184,12.372931,,,
2024-04-24,11.350789,12.182664,,,
2024-04-25,11.143859,12.050604,,,
2024-04-26,11.072573,11.948731,,,
2024-04-29,11.461715,11.97521,,,
2024-04-30,11.931143,12.056554,,,
2024-05-02,12.437429,12.183231,,,
2024-05-03,13.164953,12.404756,,,
2024-05-06,14.309969,12.786141,,,
2024-05-07,15.209979,13.170129,,,
2024-05-08,15.833319,13.525571,,,
2024-05-09,16.622213,13.95052,,,
2024-05-10,17.238142,14.361381,,,
2024-05-13,18.358761,14.928529,,,
2024-05-14,18.972508,15.407753,,,
2024-05-15,19.405005,15.849776,,,
2024-05-16,19.603337,16.227069,,,
2024-05-17,19.668891,16.551881,,,
2024-05-21,20.382594,17.029892,,,
2024-05-22,20.745062,17.433538,,,
2024-05-23,20.956708,17.792307,,,
2024-05-24,21.207805,18.148461,,,
2024-05-27,21.868537,18.606783,,,
2024-05-28,22.645691,19.115257,,,
2024-05-29,23.157128,19.575688,,,
2024-05-30,23.498085,19.994262,,,
2024-05-31,23.86539,20.412965,,,
2024-06-03,22.89026,20.460878,,,
2024-06-04,24.17684,21.032616,,,
2024-06-05,22.41456,20.837833,,,
2024-06-06,20.54304,20.470757,,,
2024-06-07,19.322026,20.144324,,,
2024-06-10,18.348017,19.803931,,,
2024-06-11,17.155345,19.346301,,,
2024-06-12,16.233563,18.895728,,,
2024-06-13,15.319042,18.404299,,,
2024-06-14,14.486028,17.896635,,,
2024-06-18,13.980685,17.448759,,,
2024-06-19,13.890457,17.108872,,,
2024-06-20,13.710305,16.767156,,,
2024-06-21,13.533537,16.441051,,,
2024-06-24,13.709025,16.224592,,,
2024-06-25,13.90935,16.050538,,,
2024-06-26,13.956233,15.868671,,,
2024-06-27,14.020822,15.712428,,,
2024-06-28,13.947215,15.538571,,,
2024-07-01,13.908143,15.383247,,,
2024-07-02,13.818762,15.22477,,,
2024-07-03,13.615841,15.041609,,,
2024-07-04,13.363894,14.843281,,,
2024-07-05,13.142596,14.648437,,,
2024-07-08,13.295064,14.553125,,,
2024-07-09,13.623376,14.528295,,,
2024-07-10,13.892251,14.519359,,,
2024-07-11,13.928167,14.472145,,,
2024-07-12,13.862111,14.404677,,,
2024-07-15,13.971407,14.385161,,,
2024-07-16,14.054272,14.370146,,,
2024-07-18,14.206181,14.38286,,,
2024-07-19,14.414121,14.423509,,,
2024-07-22,14.75608,14.515917,,,
2024-07-23,14.087387,14.35538,,,
2024-07-24,13.311591,14.119436,,,
2024-07-25,13.081061,13.983124,,,
2024-07-26,12.804041,13.825567,,,
2024-07-29,12.852694,13.74597,,,
2024-07-30,12.861796,13.667245,,,
2024-07-31,12.991197,13.629314,,,
2024-08-01,12.970798,13.56574,,,
2024-08-02,13.420532,13.634309,,,
2024-08-05,15.737022,14.246645,,,
2024-08-06,16.738014,14.655132,,,
2024-08-07,16.548676,14.792847,,,
2024-08-08,16.565784,14.957134,,,
2024-08-09,16.15719,14.99194,,,
2024-08-12,16.06146,15.071763,,,
2024-08-13,16.09764,15.171603,,,
2024-08-14,15.878426,15.196003,,,
2024-08-16,15.385617,15.123639,,,
2024-08-19,15.030412,15.050581,,,
2024-08-20,14.626941,14.93871,,,
2024-08-21,14.194627,14.792463,,,
2024-08-22,13.796418,14.629512,,,
2024-08-23,13.714279,14.531375,,,
2024-08-26,13.742853,14.464886,,,
2024-08-27,13.705235,14.388987,,,
2024-08-28,13.786823,14.349079,,,
2024-08-29,13.787882,14.298254,,,
2024-08-30,13.655255,14.215685,,,
2024-09-02,13.79017,14.201532,,,
2024-09-03,13.80678,14.168666,,,
2024-09-04,13.997853,14.187878,,,
2024-09-05,14.068569,14.189889,,,
2024-09-06,14.452379,14.283536,,,
2024-09-09,14.381586,14.279578,,,
2024-09-10,14.041057,14.19598,,,
2024-09-11,13.904038,14.144527,,,
2024-09-12,13.662692,14.056843,,,
2024-09-13,13.291795,13.919857,,,
2024-09-16,13.01453,13.787143,,,
2024-09-17,12.87302,13.678312,,,
2024-09-18,13.03868,13.650283,,,
2024-09-19,12.84912,13.542985,,,
2024-09-20,12.829413,13.474532,,,
2024-09-23,13.149609,13.503211,,,
2024-09-24,13.229739,13.492919,,,
2024-09-25,13.066493,13.424472,,,
2024-09-26,12.710995,13.294974,,,
2024-09-27,12.460663,13.173613,,,
2024-09-30,12.570442,13.138739,,,
2024-10-01,12.376961,13.034308,,,
2024-10-03,12.641308,13.046644,,,
2024-10-04,13.137538,13.145131,,,
2024-10-07,13.785026,13.321028,,,
2024-10-08,14.05335,13.436389,,,
2024-10-09,14.075567,13.498535,,,
2024-10-10,13.883711,13.498669,,,
2024-10-11,13.662474,13.473335,,,
2024-10-14,13.44165,13.430305,,,
2024-10-15,13.294433,13.391186,,,
2024-10-16,13.212955,13.360169,,,
2024-10-17,13.27197,13.362881,,,
2024-10-18,13.194647,13.333528,,,
2024-10-21,13.383098,13.372298,,,
2024-10-22,13.722065,13.465726,,,
2024-10-23,14.021377,13.57066,,,
2024-10-24,14.004251,13.606963,,,
2024-10-25,14.212834,13.699967,,,
2024-10-28,14.238556,13.753606,,,
2024-10-29,14.332371,13.823278,,,
2024-10-30,14.724914,13.976617,,,
2024-10-31,14.999943,14.119652,,,
2024-11-01,15.299962,14.281501,,,
2024-11-04,15.763308,14.500456,,,
2024-11-05,15.882206,14.647687,,,
2024-11-06,15.544804,14.667897,,,
2024-11-07,15.343202,14.692634,,,
2024-11-08,15.052135,14.672395,,,
2024-11-11,14.791423,14.635813,,,
2024-11-12,14.724282,14.631648,,,
2024-11-13,14.962855,14.705135,,,
2024-11-14,14.901903,14.711941,,,
2024-11-18,14.991269,14.753583,,,
2024-11-19,15.214179,14.835984,,,
2024-11-21,15.472786,14.940895,,,
2024-11-22,15.681857,15.046268,,,
2024-11-25,15.554572,15.069334,,,
2024-11-26,15.473048,15.091213,,,
2024-11-27,15.192032,15.049285,,,
2024-11-28,15.198021,15.063895,,,
2024-11-29,14.942014,15.006268,,,
2024-12-02,14.861343,14.978426,,,
2024-12-03,14.697562,14.923114,,,
2024-12-04,14.615041,14.880104,,,
2024-12-05,14.586694,14.848276,,,
2024-12-06,14.437796,14.783888,,,
2024-12-09,14.328531,14.722625,,,
2024-12-10,14.145687,14.636932,,,
2024-12-11,13.853791,14.512665,,,
2024-12-12,13.632528,14.392423,,,
2024-12-13,13.438352,14.270385,,,
2024-12-16,13.632235,14.247622,,,
2024-12-17,13.918156,14.269657,,,
2024-12-18,14.068771,14.278779,,,
2024-12-19,14.215847,14.299799,,,
2024-12-20,14.500565,14.369817,,,
2024-12-23,14.17371,14.292561,,,
2024-12-24,13.842473,14.191419,,,
2024-12-26,13.908316,14.177654,,,
2024-12-27,13.685544,14.092413,,,
2024-12-30,13.780363,14.081284,,,
2024-12-31,14.003575,14.114804,,,
2025-01-02,13.915717,14.080731,,,
2025-01-03,13.790478,14.031573,,,
2025-01-06,14.410318,14.178703,,,
2025-01-07,14.493546,14.222457,,,
2025-01-08,14.485697,14.244961,,,
2025-01-09,14.543798,14.282692,,,
2025-01-10,14.669199,14.340629,,,
2025-01-13,15.112799,14.491481,,,
2025-01-14,15.231866,14.580437,,,
2025-01-15,15.241244,14.642216,,,
2025-01-16,15.317496,14.717469,,,
2025-01-17,15.461664,14.811335,,,
2025-01-20,15.781109,14.957578,,,
2025-01-21,16.207406,15.148707,,,
2025-01-22,16.394938,15.296097,,,
2025-01-23,16.496625,15.423725,,,
2025-01-24,16.581084,15.544295,,,
2025-01-27,17.097389,15.779359,,,
2025-01-28,17.464926,15.999418,,,
2025-01-29,17.856617,16.23947,,,
2025-01-30,17.701078,16.344064,,,
2025-01-31,17.217385,16.335513,,,
2025-02-03,16.26159,16.155012,,,
2025-02-04,15.514394,15.96092,,,
2025-02-05,15.036262,15.789927,,,
2025-02-06,14.750842,15.64357,,,
2025-02-07,14.397228,15.465973,,,
2025-02-10,14.414818,15.373612,,,
2025-02-11,14.566546,15.327829,,,
2025-02-12,14.677697,15.288935,,,
2025-02-13,14.771798,15.259032,,,
2025-02-14,14.854532,15.237302,,,
2025-02-17,15.143022,15.281183,,,
2025-02-18,15.318681,15.31653,,,
2025-02-19,15.352454,15.325937,,,
2025-02-20,15.128303,15.267215,,,
2025-02-21,14.928868,15.200196,,,
2025-02-24,14.765912,15.131087,,,
2025-02-25,14.417275,15.002806,,,
2025-02-27,14.048183,14.848915,,,
2025-02-28,14.002122,14.763559,,,
2025-03-03,13.921415,14.672326,,,
2025-03-04,13.890943,14.595751,,,
2025-03-05,13.817296,14.511592,,,
2025-03-06,13.788197,14.440538,,,
2025-03-07,13.682131,14.352307,,,
2025-03-10,13.784754,14.31937,,,
2025-03-11,13.879836,14.2967,,,
2025-03-12,13.816557,14.241546,,,
2025-03-13,13.637705,14.154132,,,
2025-03-17,13.565136,14.087393,,,
2025-03-18,13.446758,14.00763,,,
2025-03-19,13.397839,13.9433,,,
2025-03-20,13.131892,13.821182,,,
2025-03-21,12.947928,13.708347,,,
2025-03-24,13.198619,13.707588,,,
2025-03-25,13.345746,13.701444,,,
2025-03-26,13.387164,13.680404,,,
2025-03-27,13.358109,13.645822,,,
2025-03-28,13.145406,13.561656,,,
2025-04-01,13.356938,13.581505,,,
2025-04-02,13.477958,13.594096,,,
2025-04-03,13.518639,13.594633,,,
2025-04-04,13.599093,13.609666,,,
2025-04-07,16.662729,14.444242,,,
2025-04-08,17.921819,14.989311,,,
2025-04-09,19.091213,15.574828,,,
2025-04-11,19.430809,15.987117,,,
2025-04-15,18.330539,16.000106,,,
2025-04-16,17.510359,15.988278,,,
2025-04-17,16.83024,15.941162,,,
2025-04-21,16.393493,15.902874,,,
2025-04-22,16.005662,15.841704,,,
2025-04-23,15.990441,15.852458,,,
2025-04-24,16.076961,15.888598,,,
2025-04-25,16.437974,16.00418,,,
2025-04-28,16.605316,16.089255,,,
2025-04-29,16.860211,16.205686,,,
2025-04-30,17.313474,16.388806,,,
2025-05-02,17.628983,16.558914,,,
2025-05-05,17.865988,16.720831,,,
2025-05-06,18.243992,16.928028,,,
2025-05-07,18.515995,17.121844,,,
2025-05-08,19.34733,17.475313,,,
2025-05-09,20.10822,17.853011,,,
2025-05-12,19.53548,17.901829,,,
2025-05-13,19.09032,17.928935,,,
2025-05-14,18.470213,17.865395,,,
2025-05-15,17.943475,17.776723,,,
2025-05-16,17.478983,17.665203,,,
2025-05-19,17.439322,17.637457,,,
2025-05-20,17.422881,17.614961,,,
2025-05-21,17.465254,17.609055,,,
2025-05-22,17.396836,17.577323,,,
2025-05-23,17.357891,17.550294,,,
2025-05-26,17.578594,17.592994,,,
2025-05-27,17.899063,17.679086,,,
2025-05-28,17.939376,17.710078,,,
2025-05-29,17.432917,17.592798,,,
2025-05-30,16.981945,17.455271,,,
2025-06-02,17.041296,17.428428,,,
2025-06-03,16.880864,17.34948,,,
2025-06-04,16.503909,17.204073,,,
2025-06-05,16.029273,17.010975,,,
2025-06-06,15.562849,16.794523,,,
2025-06-09,15.271899,16.603203,,,
2025-06-10,14.854599,16.368366,,,
2025-06-11,14.459733,16.12306,,,
2025-06-12,14.313155,15.931873,,,
2025-06-13,14.56877,15.85443,,,
2025-06-16,14.65918,15.762209,,,
2025-06-17,14.572787,15.638372,,,
2025-06-18,14.475191,15.514883,,,
2025-06-19,14.403461,15.400803,,,
2025-06-20,14.158974,15.243457,,,
2025-06-23,14.122649,15.134961,,,
2025-06-24,13.961766,14.999056,,,
2025-06-25,13.627844,14.813687,,,
2025-06-26,13.281896,14.611534,,,
2025-06-27,12.984598,14.409576,,,
2025-06-30,12.919732,14.262342,,,
2025-07-01,12.789821,14.104856,,,
2025-07-02,12.676547,13.954415,,,
2025-07-03,12.581032,13.812195,,,
2025-07-04,12.494021,13.676541,,,
2025-07-07,12.516014,13.575037,,,
2025-07-08,12.410676,13.450034,,,
2025-07-09,12.253784,13.312758,,,
2025-07-10,12.059189,13.163417,,,
2025-07-11,11.979459,13.041288,,,
2025-07-14,11.979639,12.944807,,,
2025-07-15,11.813093,12.811643,,,
2025-07-16,11.622062,12.668766,,,
2025-07-17,11.494708,12.538878,,,
2025-07-18,11.459805,12.434435,,,
2025-07-21,11.373203,12.322213,,,
2025-07-22,11.165469,12.179285,,,
2025-07-23,10.950313,12.028441,,,
2025-07-24,10.873542,11.909492,,,
2025-07-25,11.009028,11.852265,,,
2025-07-28,11.359352,11.87115,,,
2025-07-29,11.416235,11.840137,,,
2025-07-30,11.34749,11.782851,,,
2025-07-31,11.41166,11.760774,,,
2025-08-01,11.601106,11.780704,,,
2025-08-04,11.724071,11.797912,,,
2025-08-05,11.719381,11.78992,,,
2025-08-06,11.799587,11.805382,,,
2025-08-07,11.763058,11.794893,,,
2025-08-08,11.852039,11.816266,,,
2025-08-11,11.974692,11.852969,,,
2025-08-12,12.059795,11.887245,,,
2025-08-13,12.08653,11.910223,,,
2025-08-14,12.177687,11.951111,,,
2025-08-18,12.231791,11.986465,,,
2025-08-19,12.084527,11.968604,,,
2025-08-20,11.986352,11.952368,,,
2025-08-21,11.780901,11.899425,,,
2025-08-22,11.763934,11.884023,,,
2025-08-25,11.762623,11.872748,,,
2025-08-26,11.905082,11.901589,,,
2025-08-28,11.996721,11.926899,,,
2025-08-29,11.914481,11.910817,,,
2025-09-01,11.706321,11.854379,,,
2025-09-02,11.604214,11.813072,,,
2025-09-03,11.379476,11.732793,,,
2025-09-04,11.202984,11.652539,,,
2025-09-05,11.061989,11.573217,,,
2025-09-08,10.987993,11.506561,,,
2025-09-09,10.888662,11.432328,,,
2025-09-10,10.772441,11.351208,,,
2025-09-11,10.634961,11.261098,,,
2025-09-12,10.463307,11.157362,,,
2025-09-15,10.442205,11.088511,,,
2025-09-16,10.384803,11.014101,,,
2025-09-17,10.339869,10.944637,,,
2025-09-18,10.189913,10.848761,,,
2025-09-19,10.116609,10.768873,,,
2025-09-22,10.264406,10.749885,,,
2025-09-23,10.386271,10.738986,,,
2025-09-24,10.430847,10.719079,,,
2025-09-25,10.547231,10.724617,,,
2025-09-26,10.841488,10.788743,,,
2025-09-29,11.017658,10.841584,,,
2025-09-30,11.035106,10.862349,,,
2025-10-01,10.786737,10.810317,,,
2025-10-03,10.544491,10.742107,,,
2025-10-06,10.426328,10.691915,,,
2025-10-07,10.300885,10.633559,,,
2025-10-08,10.303924,10.604145,,,
2025-10-09,10.242616,10.560132,,,
2025-10-10,10.195077,10.518302,,,
2025-10-13,10.466718,10.563001,,,
2025-10-14,10.697812,10.617274,,,
2025-10-15,10.641875,10.60934,,,
2025-10-16,10.717916,10.633036,,,
2025-10-17,11.021944,10.723669,,,
2025-10-20,11.134629,10.781518,,,
2025-10-21,11.189753,10.828652,,,
2025-10-23,11.369835,10.910593,,,
2025-10-24,11.443224,10.972357,,,
2025-10-27,11.582149,11.053052,,,
2025-10-28,11.704766,11.134593,,,
2025-10-29,11.793177,11.210539,,,
2025-10-30,11.885451,11.288672,,,
2025-10-31,11.973634,11.366974,,,
2025-11-03,12.205756,11.485431,,,
2025-11-04,12.353837,11.591301,,,
2025-11-06,12.372558,11.665728,,,
2025-11-07,12.435039,11.747026,,,
2025-11-10,12.390026,11.797296,,,
2025-11-11,12.423351,11.860269,,,
2025-11-12,12.3189,11.882972,,,
2025-11-13,12.265933,11.908156,,,
2025-11-14,12.157289,11.911051,,,
2025-11-17,12.034859,11.900046,,,
2025-11-18,12.056573,11.918224,,,
2025-11-19,12.027715,11.922931,,,
2025-11-20,12.065144,11.942665,,,
2025-11-21,12.586763,12.096059,,,
2025-11-24,12.804508,12.200053,,,
2025-11-25,12.616339,12.203685,,,
2025-11-26,12.400893,12.182441,,,
2025-11-27,12.197262,12.146764,,,
2025-11-28,12.004841,12.098877,,,
2025-12-01,11.879894,12.056252,,,
2025-12-02,11.663263,11.981138,,,
2025-12-03,11.512175,11.911034,,,
2025-12-04,11.28145,11.811849,,,
2025-12-05,10.960967,11.676227,,,
2025-12-08,11.017311,11.62657,,,
2025-12-09,10.994874,11.565063,,,
2025-12-10,10.966583,11.505512,,,
2025-12-11,10.777722,11.405011,,,
2025-12-12,10.555148,11.287283,,,
2025-12-15,10.453432,11.192984,,,
2025-12-16,10.322288,11.089986,,,
2025-12-17,10.161525,10.976351,,,
2025-12-18,10.011017,10.861228,,,
2025-12-19,9.847345,10.739298,,,
2025-12-22,9.791563,10.642998,,,
2025-12-23,9.654376,10.52818,,,
2025-12-24,9.499584,10.406528,,,
2025-12-26,9.383056,10.292298,,,
2025-12-29,9.49537,10.240271,,,
2025-12-30,9.556914,10.189337,,,
2025-12-31,9.531276,10.124852,,,
2026-01-02,9.504184,10.063502,,,
2026-01-05,9.676123,10.059547,,,
2026-01-06,9.790749,10.055952,,,
2026-01-07,9.843832,10.04632,,,
2026-01-08,10.095888,10.096654,,,
2026-01-09,10.373926,10.172413,,,
2026-01-12,10.70595,10.281285,,,
2026-01-13,10.870634,10.364804,,,
2026-01-14,11.020422,10.45164,,,
2026-01-16,11.136948,10.535127,,,
2026-01-19,11.367965,10.652843,,,
2026-01-20,11.821977,10.841675,,,
2026-01-21,12.474651,11.108796,,,
2026-01-22,12.766434,11.312542,,,
2026-01-23,13.240956,11.574129,,,
2026-01-27,13.643971,11.835572,,,
2026-01-28,13.60598,11.989611,,,
2026-01-29,13.52732,12.1151,,,
2026-01-30,13.561547,12.252819,,,
2026-02-02,13.664365,12.399835,,,
2026-02-03,13.409576,12.445305,,,
2026-02-04,13.023051,12.42755,,,
2026-02-05,12.738701,12.404136,,,
2026-02-06,12.472467,12.361942,,,
2026-02-09,12.378311,12.346311,,,
2026-02-10,12.142207,12.284828,,,
2026-02-11,11.944805,12.218025,,,
2026-02-12,11.873203,12.173659,,,
2026-02-13,12.345469,12.275145,,,
2026-02-16,12.673646,12.371041,,,
2026-02-17,12.672431,12.398219,,,
2026-02-18,12.52162,12.382017,,,
2026-02-19,12.834414,12.480016,,,
2026-02-20,13.342942,12.650923,,,
2026-02-23,13.618628,12.789021,,,
2026-02-24,13.795752,12.912747,,,
2026-02-25,13.693835,12.965224,,,
2026-02-26,13.482557,12.97384,,,
2026-02-27,13.555038,13.039855,,,
2026-03-02,14.746691,13.411686,,,
2026-03-04,16.877794,14.11426,,,
2026-03-05,17.205196,14.454782,,,
2026-03-06,18.096797,14.947983,,,
2026-03-09,19.851198,15.712712,,,
2026-03-10,19.537466,16.003375,,,
2026-03-11,20.044977,16.463068,,,
2026-03-12,20.536651,16.922789,,,
2026-03-13,21.241101,17.443445,,,
2026-03-16,21.360734,17.821313,,,
2026-03-17,20.837156,18.000285,,,
2026-03-18,20.131437,18.065713,,,
2026-03-19,21.021791,18.49633,,,
2026-03-20,22.244528,19.059391,,,
2026-03-25,,,24.74,25.36,0.62
